{
  "release_speed": 0.01027077715843916,
  "spin_to_velo_ratio": 0.008563024923205376,
  "pfx_x": 0.006255241110920906,
  "pfx_z": 0.015458978712558746,
  "release_pos_x": 0.007297592703253031,
  "release_pos_z": 0.009194089099764824,
  "release_extension": 0.004122774116694927,
  "plate_x": 0.020469997078180313,
  "plate_z": 0.06252803653478622,
  "pitch_type_enc": 0.028046756982803345,
  "era_flag_enc": 0.003032214939594269,
  "balls": 0.007477049715816975,
  "strikes": 0.02854212000966072,
  "pitch_number": 0.012544387020170689,
  "prev_pitch_type_enc": 0.008137949742376804,
  "prev_pitch_speed": 0.006156273651868105,
  "prev_pitch_result_enc": 0.013291328214108944,
  "on_1b_flag": 0.0033152997493743896,
  "on_2b_flag": 0.005072511732578278,
  "on_3b_flag": 0.004481331445276737,
  "inning": 0.006884740199893713,
  "score_diff": 0.00465997913852334,
  "times_through_order": 0.03307735174894333,
  "hitter_swing_rate": 0.00336808362044394,
  "hitter_chase_rate": 0.005480944644659758,
  "hitter_contact_rate": 0.004344158805906773,
  "hitter_hard_hit_rate": 0.003253307892009616,
  "hitter_whiff_rate": 0.00381407025270164,
  "hitter_stand_enc": 0.016086993739008904,
  "p_throws_enc": 0.015005271881818771,
  "hitter_contact_rate_FF": 0.0091022914275527,
  "hitter_contact_rate_CH": 0.006538609974086285,
  "hitter_contact_rate_CU": 0.0041364384815096855,
  "hitter_contact_rate_FC": 0.003563839942216873,
  "hitter_contact_rate_KN": 0.002299419604241848,
  "hitter_contact_rate_SC": 0.002620963379740715,
  "hitter_contact_rate_SI": 0.003351393388584256,
  "hitter_contact_rate_SL": 0.00343514746055007,
  "hitter_contact_rate_SV": 0.002389022381976247,
  "hitter_contact_rate_FS": 0.00288152857683599,
  "hitter_contact_rate_ST": 0.002545745810493827,
  "hitter_swing_rate_z1": 0.002576169092208147,
  "hitter_swing_rate_z2": 0.0030185829382389784,
  "hitter_swing_rate_z3": 0.002956975717097521,
  "hitter_swing_rate_z4": 0.002745965262874961,
  "hitter_swing_rate_z5": 0.002601714339107275,
  "hitter_swing_rate_z6": 0.003377510467544198,
  "hitter_swing_rate_z7": 0.002559503773227334,
  "hitter_swing_rate_z8": 0.00353157427161932,
  "hitter_swing_rate_z9": 0.0029322777409106493,
  "hitter_swing_rate_z11": 0.003198937512934208,
  "hitter_swing_rate_z12": 0.0039684223011136055,
  "hitter_swing_rate_z13": 0.0033764007966965437,
  "hitter_swing_rate_z14": 0.004822418559342623,
  "hitter_whiff_rate_z1": 0.003546810010448098,
  "hitter_whiff_rate_z2": 0.003857760690152645,
  "hitter_whiff_rate_z3": 0.0038675384130328894,
  "hitter_whiff_rate_z4": 0.0038041372317820787,
  "hitter_whiff_rate_z5": 0.0035692681558430195,
  "hitter_whiff_rate_z6": 0.005026225000619888,
  "hitter_whiff_rate_z7": 0.0031177643686532974,
  "hitter_whiff_rate_z8": 0.002592141507193446,
  "hitter_whiff_rate_z9": 0.0029620572458952665,
  "hitter_whiff_rate_z11": 0.004044166300445795,
  "hitter_whiff_rate_z12": 0.005043895449489355,
  "hitter_whiff_rate_z13": 0.005450099240988493,
  "hitter_whiff_rate_z14": 0.0062797158025205135,
  "hitter_swing_rate_fastball": 0.00229183048941195,
  "hitter_swing_rate_breaking": 0.0031628201249986887,
  "hitter_swing_rate_offspeed": 0.003223805222660303,
  "hitter_swing_rate_other": 0.002850483637303114,
  "hitter_whiff_rate_fastball": 0.024166999384760857,
  "hitter_whiff_rate_breaking": 0.003344013588503003,
  "hitter_whiff_rate_offspeed": 0.00954910833388567,
  "hitter_whiff_rate_other": 0.0026753891725093126,
  "hitter_swing_rate_this_zone": 0.04092845693230629,
  "hitter_whiff_rate_this_zone": 0.35067760944366455,
  "hitter_swing_rate_this_family": 0.002708717714995146,
  "hitter_whiff_rate_this_family": 0.0457061342895031,
  "hitter_swing_rate_this_count": 0.010789540596306324
}