{
  "release_speed": 0.014527839608490467,
  "spin_to_velo_ratio": 0.008988864719867706,
  "pfx_x": 0.008501455187797546,
  "pfx_z": 0.021368246525526047,
  "release_pos_x": 0.010106437839567661,
  "release_pos_z": 0.011151690967381,
  "release_extension": 0.005094500258564949,
  "plate_x": 0.05128497630357742,
  "plate_z": 0.17349745333194733,
  "pitch_type_enc": 0.05758882686495781,
  "era_flag_enc": 0.003627985715866089,
  "balls": 0.008607622236013412,
  "strikes": 0.03915942832827568,
  "pitch_number": 0.014391908422112465,
  "prev_pitch_type_enc": 0.009531660005450249,
  "prev_pitch_speed": 0.006858581677079201,
  "prev_pitch_result_enc": 0.016079140827059746,
  "on_1b_flag": 0.004536463413387537,
  "on_2b_flag": 0.007852250710129738,
  "on_3b_flag": 0.005799752194434404,
  "inning": 0.007516390644013882,
  "score_diff": 0.005978711415082216,
  "times_through_order": 0.0566747710108757,
  "hitter_swing_rate": 0.003936282824724913,
  "hitter_chase_rate": 0.008248331025242805,
  "hitter_contact_rate": 0.05113159120082855,
  "hitter_hard_hit_rate": 0.0041646771132946014,
  "hitter_whiff_rate": 0.026556052267551422,
  "hitter_stand_enc": 0.03151198849081993,
  "p_throws_enc": 0.043221428990364075,
  "hitter_contact_rate_FF": 0.026408493518829346,
  "hitter_contact_rate_CH": 0.015170528553426266,
  "hitter_contact_rate_CU": 0.005740299820899963,
  "hitter_contact_rate_FC": 0.006811665836721659,
  "hitter_contact_rate_KN": 0.003722995752468705,
  "hitter_contact_rate_SC": 0.0036469572223722935,
  "hitter_contact_rate_SI": 0.008404970169067383,
  "hitter_contact_rate_SL": 0.007328969892114401,
  "hitter_contact_rate_SV": 0.003773553529754281,
  "hitter_contact_rate_FS": 0.0049923681654036045,
  "hitter_contact_rate_ST": 0.003998735453933477,
  "hitter_swing_rate_z1": 0.0,
  "hitter_swing_rate_z2": 0.0,
  "hitter_swing_rate_z3": 0.0,
  "hitter_swing_rate_z4": 0.0,
  "hitter_swing_rate_z5": 0.0,
  "hitter_swing_rate_z6": 0.0,
  "hitter_swing_rate_z7": 0.0,
  "hitter_swing_rate_z8": 0.0,
  "hitter_swing_rate_z9": 0.0,
  "hitter_swing_rate_z11": 0.0,
  "hitter_swing_rate_z12": 0.0,
  "hitter_swing_rate_z13": 0.0,
  "hitter_swing_rate_z14": 0.0,
  "hitter_whiff_rate_z1": 0.0,
  "hitter_whiff_rate_z2": 0.0,
  "hitter_whiff_rate_z3": 0.0,
  "hitter_whiff_rate_z4": 0.0,
  "hitter_whiff_rate_z5": 0.0,
  "hitter_whiff_rate_z6": 0.0,
  "hitter_whiff_rate_z7": 0.0,
  "hitter_whiff_rate_z8": 0.0,
  "hitter_whiff_rate_z9": 0.0,
  "hitter_whiff_rate_z11": 0.0,
  "hitter_whiff_rate_z12": 0.0,
  "hitter_whiff_rate_z13": 0.0,
  "hitter_whiff_rate_z14": 0.0,
  "hitter_swing_rate_fastball": 0.003600688185542822,
  "hitter_swing_rate_breaking": 0.00451535452157259,
  "hitter_swing_rate_offspeed": 0.00635863421484828,
  "hitter_swing_rate_other": 0.0041371555998921394,
  "hitter_whiff_rate_fastball": 0.0313105471432209,
  "hitter_whiff_rate_breaking": 0.00825728103518486,
  "hitter_whiff_rate_offspeed": 0.01786661706864834,
  "hitter_whiff_rate_other": 0.004067560657858849,
  "hitter_swing_rate_this_zone": 0.0,
  "hitter_whiff_rate_this_zone": 0.0,
  "hitter_swing_rate_this_family": 0.0036482608411461115,
  "hitter_whiff_rate_this_family": 0.09465914964675903,
  "hitter_swing_rate_this_count": 0.01408403366804123
}