{
  "release_speed": 0.016857201233506203,
  "spin_to_velo_ratio": 0.009333066642284393,
  "pfx_x": 0.01967129483819008,
  "pfx_z": 0.010761809535324574,
  "release_pos_x": 0.017949087545275688,
  "release_pos_z": 0.007288910448551178,
  "release_extension": 0.007279860321432352,
  "plate_x": 0.1450047791004181,
  "plate_z": 0.0660615935921669,
  "pitch_type_enc": 0.10643886029720306,
  "era_flag_enc": 0.00834552850574255,
  "balls": 0.02523755468428135,
  "strikes": 0.02617114596068859,
  "pitch_number": 0.0115695521235466,
  "prev_pitch_type_enc": 0.009266774170100689,
  "prev_pitch_speed": 0.0075124152936041355,
  "prev_pitch_result_enc": 0.013043657876551151,
  "on_1b_flag": 0.007676708046346903,
  "on_2b_flag": 0.009463937021791935,
  "on_3b_flag": 0.00900345854461193,
  "inning": 0.0076454197987914085,
  "score_diff": 0.007318420335650444,
  "times_through_order": 0.019126180559396744,
  "hitter_swing_rate": 0.009185219183564186,
  "hitter_chase_rate": 0.011129586957395077,
  "hitter_contact_rate": 0.018525388091802597,
  "hitter_hard_hit_rate": 0.0918300524353981,
  "hitter_whiff_rate": 0.008881896734237671,
  "hitter_stand_enc": 0.0643000453710556,
  "p_throws_enc": 0.028653187677264214,
  "hitter_contact_rate_FF": 0.008381525985896587,
  "hitter_contact_rate_CH": 0.010549892671406269,
  "hitter_contact_rate_CU": 0.0079481340944767,
  "hitter_contact_rate_FC": 0.009036097675561905,
  "hitter_contact_rate_KN": 0.00858384370803833,
  "hitter_contact_rate_SC": 0.007872269488871098,
  "hitter_contact_rate_SI": 0.008753704838454723,
  "hitter_contact_rate_SL": 0.008243761025369167,
  "hitter_contact_rate_SV": 0.008262681774795055,
  "hitter_contact_rate_FS": 0.008345186710357666,
  "hitter_contact_rate_ST": 0.008886491879820824,
  "hitter_swing_rate_z1": 0.0,
  "hitter_swing_rate_z2": 0.0,
  "hitter_swing_rate_z3": 0.0,
  "hitter_swing_rate_z4": 0.0,
  "hitter_swing_rate_z5": 0.0,
  "hitter_swing_rate_z6": 0.0,
  "hitter_swing_rate_z7": 0.0,
  "hitter_swing_rate_z8": 0.0,
  "hitter_swing_rate_z9": 0.0,
  "hitter_swing_rate_z11": 0.0,
  "hitter_swing_rate_z12": 0.0,
  "hitter_swing_rate_z13": 0.0,
  "hitter_swing_rate_z14": 0.0,
  "hitter_whiff_rate_z1": 0.0,
  "hitter_whiff_rate_z2": 0.0,
  "hitter_whiff_rate_z3": 0.0,
  "hitter_whiff_rate_z4": 0.0,
  "hitter_whiff_rate_z5": 0.0,
  "hitter_whiff_rate_z6": 0.0,
  "hitter_whiff_rate_z7": 0.0,
  "hitter_whiff_rate_z8": 0.0,
  "hitter_whiff_rate_z9": 0.0,
  "hitter_whiff_rate_z11": 0.0,
  "hitter_whiff_rate_z12": 0.0,
  "hitter_whiff_rate_z13": 0.0,
  "hitter_whiff_rate_z14": 0.0,
  "hitter_swing_rate_fastball": 0.008628388866782188,
  "hitter_swing_rate_breaking": 0.0089576942846179,
  "hitter_swing_rate_offspeed": 0.009639272466301918,
  "hitter_swing_rate_other": 0.00966189056634903,
  "hitter_whiff_rate_fastball": 0.008650477044284344,
  "hitter_whiff_rate_breaking": 0.009565358981490135,
  "hitter_whiff_rate_offspeed": 0.010436180979013443,
  "hitter_whiff_rate_other": 0.008658792823553085,
  "hitter_swing_rate_this_zone": 0.0,
  "hitter_whiff_rate_this_zone": 0.0,
  "hitter_swing_rate_this_family": 0.009173605591058731,
  "hitter_whiff_rate_this_family": 0.011612090282142162,
  "hitter_swing_rate_this_count": 0.009620028547942638
}