{
  "release_speed": 0.014114543795585632,
  "spin_to_velo_ratio": 0.007370883133262396,
  "pfx_x": 0.014207991771399975,
  "pfx_z": 0.007926574908196926,
  "release_pos_x": 0.012505589984357357,
  "release_pos_z": 0.004980852827429771,
  "release_extension": 0.00467348238453269,
  "plate_x": 0.05380011722445488,
  "plate_z": 0.033475361764431,
  "pitch_type_enc": 0.06535081565380096,
  "era_flag_enc": 0.0058835577219724655,
  "balls": 0.02013002708554268,
  "strikes": 0.016398485749959946,
  "pitch_number": 0.008346818387508392,
  "prev_pitch_type_enc": 0.006405439227819443,
  "prev_pitch_speed": 0.00522724911570549,
  "prev_pitch_result_enc": 0.00934187974780798,
  "on_1b_flag": 0.00462684640660882,
  "on_2b_flag": 0.006368739064782858,
  "on_3b_flag": 0.006159919314086437,
  "inning": 0.005460712593048811,
  "score_diff": 0.005195771809667349,
  "times_through_order": 0.014081909321248531,
  "hitter_swing_rate": 0.005795011296868324,
  "hitter_chase_rate": 0.007416845764964819,
  "hitter_contact_rate": 0.006304580252617598,
  "hitter_hard_hit_rate": 0.07914252579212189,
  "hitter_whiff_rate": 0.010299666784703732,
  "hitter_stand_enc": 0.04372468218207359,
  "p_throws_enc": 0.024341346696019173,
  "hitter_contact_rate_FF": 0.008484326303005219,
  "hitter_contact_rate_CH": 0.00557134160771966,
  "hitter_contact_rate_CU": 0.00586759252473712,
  "hitter_contact_rate_FC": 0.005540943238884211,
  "hitter_contact_rate_KN": 0.005155613180249929,
  "hitter_contact_rate_SC": 0.004955758340656757,
  "hitter_contact_rate_SI": 0.005316824186593294,
  "hitter_contact_rate_SL": 0.005068365018814802,
  "hitter_contact_rate_SV": 0.0050108833238482475,
  "hitter_contact_rate_FS": 0.005157077684998512,
  "hitter_contact_rate_ST": 0.005086539778858423,
  "hitter_swing_rate_z1": 0.007492402568459511,
  "hitter_swing_rate_z2": 0.006774707231670618,
  "hitter_swing_rate_z3": 0.006382931489497423,
  "hitter_swing_rate_z4": 0.006968324538320303,
  "hitter_swing_rate_z5": 0.006466107442975044,
  "hitter_swing_rate_z6": 0.005956084001809359,
  "hitter_swing_rate_z7": 0.0058746966533362865,
  "hitter_swing_rate_z8": 0.0060119652189314365,
  "hitter_swing_rate_z9": 0.0064551918767392635,
  "hitter_swing_rate_z11": 0.009874171577394009,
  "hitter_swing_rate_z12": 0.007905935868620872,
  "hitter_swing_rate_z13": 0.007165016606450081,
  "hitter_swing_rate_z14": 0.00956991221755743,
  "hitter_whiff_rate_z1": 0.006182188633829355,
  "hitter_whiff_rate_z2": 0.00631693284958601,
  "hitter_whiff_rate_z3": 0.006102299317717552,
  "hitter_whiff_rate_z4": 0.009597226977348328,
  "hitter_whiff_rate_z5": 0.006046483758836985,
  "hitter_whiff_rate_z6": 0.01020719762891531,
  "hitter_whiff_rate_z7": 0.0056876325979828835,
  "hitter_whiff_rate_z8": 0.005617703776806593,
  "hitter_whiff_rate_z9": 0.006738265044987202,
  "hitter_whiff_rate_z11": 0.006214689929038286,
  "hitter_whiff_rate_z12": 0.009374469518661499,
  "hitter_whiff_rate_z13": 0.009756629355251789,
  "hitter_whiff_rate_z14": 0.007668160367757082,
  "hitter_swing_rate_fastball": 0.006096038967370987,
  "hitter_swing_rate_breaking": 0.005446180701255798,
  "hitter_swing_rate_offspeed": 0.005547592882066965,
  "hitter_swing_rate_other": 0.00544351153075695,
  "hitter_whiff_rate_fastball": 0.0062202163971960545,
  "hitter_whiff_rate_breaking": 0.005897402297705412,
  "hitter_whiff_rate_offspeed": 0.005493648815900087,
  "hitter_whiff_rate_other": 0.005363313481211662,
  "hitter_swing_rate_this_zone": 0.15859028697013855,
  "hitter_whiff_rate_this_zone": 0.01805654726922512,
  "hitter_swing_rate_this_family": 0.005711672827601433,
  "hitter_whiff_rate_this_family": 0.007371686864644289,
  "hitter_swing_rate_this_count": 0.006081105209887028
}