{
  "release_speed": 0.005649189464747906,
  "spin_to_velo_ratio": 0.005431942641735077,
  "pfx_x": 0.032472431659698486,
  "pfx_z": 0.023434722796082497,
  "release_pos_x": 0.005554536357522011,
  "release_pos_z": 0.0022773807868361473,
  "release_extension": 0.0016614804044365883,
  "plate_x": 0.04266408458352089,
  "plate_z": 0.03349249064922333,
  "pitch_type_enc": 0.022320445626974106,
  "era_flag_enc": 0.003556247102096677,
  "balls": 0.009897486306726933,
  "strikes": 0.08704719692468643,
  "pitch_number": 0.0038555278442800045,
  "prev_pitch_type_enc": 0.0029729504603892565,
  "prev_pitch_speed": 0.002508150413632393,
  "prev_pitch_result_enc": 0.04309358075261116,
  "on_1b_flag": 0.013293402269482613,
  "on_2b_flag": 0.010808680206537247,
  "on_3b_flag": 0.020398596301674843,
  "inning": 0.0050773778930306435,
  "score_diff": 0.0038466425612568855,
  "times_through_order": 0.009779463522136211,
  "hitter_swing_rate": 0.004844397306442261,
  "hitter_chase_rate": 0.0031899085734039545,
  "hitter_contact_rate": 0.004536605440080166,
  "hitter_hard_hit_rate": 0.0028751795180141926,
  "hitter_whiff_rate": 0.01398359052836895,
  "hitter_stand_enc": 0.010940705426037312,
  "p_throws_enc": 0.020481061190366745,
  "hitter_contact_rate_FF": 0.0016959989443421364,
  "hitter_contact_rate_CH": 0.0011154848616570234,
  "hitter_contact_rate_CU": 0.001087491400539875,
  "hitter_contact_rate_FC": 0.0010509350104257464,
  "hitter_contact_rate_KN": 0.000940260011702776,
  "hitter_contact_rate_SC": 0.0010084707755595446,
  "hitter_contact_rate_SI": 0.0010270671918988228,
  "hitter_contact_rate_SL": 0.0012653529411181808,
  "hitter_contact_rate_SV": 0.0009037156123667955,
  "hitter_contact_rate_FS": 0.0011049702297896147,
  "hitter_contact_rate_ST": 0.001006993348710239,
  "hitter_swing_rate_z1": 0.0039789010770618916,
  "hitter_swing_rate_z2": 0.003715229919180274,
  "hitter_swing_rate_z3": 0.0025838767178356647,
  "hitter_swing_rate_z4": 0.0022552628070116043,
  "hitter_swing_rate_z5": 0.003985697869211435,
  "hitter_swing_rate_z6": 0.002595295663923025,
  "hitter_swing_rate_z7": 0.0019471520790830255,
  "hitter_swing_rate_z8": 0.002789389109238982,
  "hitter_swing_rate_z9": 0.002016353653743863,
  "hitter_swing_rate_z11": 0.004465692676603794,
  "hitter_swing_rate_z12": 0.0037982258945703506,
  "hitter_swing_rate_z13": 0.0023163079749792814,
  "hitter_swing_rate_z14": 0.003002094803377986,
  "hitter_whiff_rate_z1": 0.0011628599604591727,
  "hitter_whiff_rate_z2": 0.0011243512853980064,
  "hitter_whiff_rate_z3": 0.0015957613941282034,
  "hitter_whiff_rate_z4": 0.0013106927508488297,
  "hitter_whiff_rate_z5": 0.0010026531526818871,
  "hitter_whiff_rate_z6": 0.0010179755045101047,
  "hitter_whiff_rate_z7": 0.0015084297629073262,
  "hitter_whiff_rate_z8": 0.0011655102716758847,
  "hitter_whiff_rate_z9": 0.0014398173661902547,
  "hitter_whiff_rate_z11": 0.001908505568280816,
  "hitter_whiff_rate_z12": 0.0015496623236685991,
  "hitter_whiff_rate_z13": 0.0019147939747199416,
  "hitter_whiff_rate_z14": 0.00271293381229043,
  "hitter_swing_rate_fastball": 0.0038654529489576817,
  "hitter_swing_rate_breaking": 0.0040936400182545185,
  "hitter_swing_rate_offspeed": 0.0026794245932251215,
  "hitter_swing_rate_other": 0.00232187332585454,
  "hitter_whiff_rate_fastball": 0.0011946933809667826,
  "hitter_whiff_rate_breaking": 0.0013894004514440894,
  "hitter_whiff_rate_offspeed": 0.001212347182445228,
  "hitter_whiff_rate_other": 0.0013593969633802772,
  "hitter_swing_rate_this_zone": 0.2661404609680176,
  "hitter_whiff_rate_this_zone": 0.06586509197950363,
  "hitter_swing_rate_this_family": 0.006157019175589085,
  "hitter_whiff_rate_this_family": 0.002399200340732932,
  "hitter_swing_rate_this_count": 0.11830637603998184
}