{
  "release_speed": 0.008089820854365826,
  "spin_to_velo_ratio": 0.0046652876771986485,
  "pfx_x": 0.05541262403130531,
  "pfx_z": 0.034476954489946365,
  "release_pos_x": 0.005066167563199997,
  "release_pos_z": 0.003251254092901945,
  "release_extension": 0.002280796179547906,
  "plate_x": 0.1449219435453415,
  "plate_z": 0.09717442840337753,
  "pitch_type_enc": 0.0425591915845871,
  "era_flag_enc": 0.007045327220112085,
  "balls": 0.012984748929738998,
  "strikes": 0.14399577677249908,
  "pitch_number": 0.014528880827128887,
  "prev_pitch_type_enc": 0.005787195637822151,
  "prev_pitch_speed": 0.0019775708205997944,
  "prev_pitch_result_enc": 0.050509460270404816,
  "on_1b_flag": 0.0158382635563612,
  "on_2b_flag": 0.013165339827537537,
  "on_3b_flag": 0.02541927993297577,
  "inning": 0.0059601846151053905,
  "score_diff": 0.00445218663662672,
  "times_through_order": 0.010978277772665024,
  "hitter_swing_rate": 0.0040576462633907795,
  "hitter_chase_rate": 0.009889901615679264,
  "hitter_contact_rate": 0.004924353212118149,
  "hitter_hard_hit_rate": 0.004521621856838465,
  "hitter_whiff_rate": 0.003136211773380637,
  "hitter_stand_enc": 0.02872397191822529,
  "p_throws_enc": 0.028713732957839966,
  "hitter_contact_rate_FF": 0.004017842002213001,
  "hitter_contact_rate_CH": 0.005370188504457474,
  "hitter_contact_rate_CU": 0.0030649183318018913,
  "hitter_contact_rate_FC": 0.002862776629626751,
  "hitter_contact_rate_KN": 0.002424667589366436,
  "hitter_contact_rate_SC": 0.0020649952348321676,
  "hitter_contact_rate_SI": 0.003495454089716077,
  "hitter_contact_rate_SL": 0.011328493244946003,
  "hitter_contact_rate_SV": 0.002367404056712985,
  "hitter_contact_rate_FS": 0.0029921073000878096,
  "hitter_contact_rate_ST": 0.0029905634000897408,
  "hitter_swing_rate_z1": 0.0,
  "hitter_swing_rate_z2": 0.0,
  "hitter_swing_rate_z3": 0.0,
  "hitter_swing_rate_z4": 0.0,
  "hitter_swing_rate_z5": 0.0,
  "hitter_swing_rate_z6": 0.0,
  "hitter_swing_rate_z7": 0.0,
  "hitter_swing_rate_z8": 0.0,
  "hitter_swing_rate_z9": 0.0,
  "hitter_swing_rate_z11": 0.0,
  "hitter_swing_rate_z12": 0.0,
  "hitter_swing_rate_z13": 0.0,
  "hitter_swing_rate_z14": 0.0,
  "hitter_whiff_rate_z1": 0.0,
  "hitter_whiff_rate_z2": 0.0,
  "hitter_whiff_rate_z3": 0.0,
  "hitter_whiff_rate_z4": 0.0,
  "hitter_whiff_rate_z5": 0.0,
  "hitter_whiff_rate_z6": 0.0,
  "hitter_whiff_rate_z7": 0.0,
  "hitter_whiff_rate_z8": 0.0,
  "hitter_whiff_rate_z9": 0.0,
  "hitter_whiff_rate_z11": 0.0,
  "hitter_whiff_rate_z12": 0.0,
  "hitter_whiff_rate_z13": 0.0,
  "hitter_whiff_rate_z14": 0.0,
  "hitter_swing_rate_fastball": 0.003396556479856372,
  "hitter_swing_rate_breaking": 0.004234710708260536,
  "hitter_swing_rate_offspeed": 0.00522478437051177,
  "hitter_swing_rate_other": 0.0036910923663526773,
  "hitter_whiff_rate_fastball": 0.003120418870821595,
  "hitter_whiff_rate_breaking": 0.003040837589651346,
  "hitter_whiff_rate_offspeed": 0.003329430241137743,
  "hitter_whiff_rate_other": 0.0031314133666455746,
  "hitter_swing_rate_this_zone": 0.0,
  "hitter_whiff_rate_this_zone": 0.0,
  "hitter_swing_rate_this_family": 0.025316597893834114,
  "hitter_whiff_rate_this_family": 0.003041698597371578,
  "hitter_swing_rate_this_count": 0.10498469322919846
}