{
  "player_id": 592450,
  "player_name": "Judge, Aaron",
  "stand": "R",
  "swing_rate": 0.42132756132756133,
  "chase_rate": 0.2315033240403174,
  "contact_rate": 0.6931296664155079,
  "hard_hit_rate": 0.6055408970976254,
  "whiff_rate": 0.30687033358449206,
  "swing_rate_by_count": {
    "0-0": 0.32507056080500674,
    "0-1": 0.3729035639412998,
    "0-2": 0.4114441416893733,
    "1-0": 0.33989577301679214,
    "1-1": 0.43988684582743987,
    "1-2": 0.5025823111684958,
    "2-0": 0.3424178895877009,
    "2-1": 0.5041179020372778,
    "2-2": 0.5521108179419525,
    "3-0": 0.2249488752556237,
    "3-1": 0.4595070422535211,
    "3-2": 0.644847972972973
  },
  "contact_rate_by_pitch_type": {
    "CH": 0.5637755102040817,
    "CS": 1.0,
    "CU": 0.5435323383084577,
    "EP": 1.0,
    "FA": 0.6666666666666666,
    "FC": 0.6507018992568125,
    "FF": 0.7950651130911583,
    "FS": 0.5209876543209877,
    "KC": 0.6239316239316239,
    "KN": 0.45454545454545453,
    "SI": 0.8529779258642233,
    "SL": 0.5654349499615089,
    "ST": 0.6603174603174603,
    "SV": 0.5294117647058824
  },
  "zone_swing_rates": {
    "1": 0.7389221556886227,
    "2": 0.7826530612244897,
    "3": 0.5405405405405406,
    "4": 0.7727016356457981,
    "5": 0.8028404344193818,
    "6": 0.6877979027645377,
    "7": 0.5967053081147041,
    "8": 0.6224018475750578,
    "9": 0.5338743824982357,
    "11": 0.3101391650099404,
    "12": 0.1926489226869455,
    "13": 0.2714402954452195,
    "14": 0.16716852841185043
  },
  "zone_whiff_rates": {
    "1": 0.2106969205834684,
    "2": 0.28292046936114734,
    "3": 0.4075,
    "4": 0.059124087591240874,
    "5": 0.11342351716961499,
    "6": 0.22245322245322247,
    "7": 0.22392638036809817,
    "8": 0.21768707482993196,
    "9": 0.35095836087243887,
    "11": 0.22916666666666666,
    "12": 0.5592105263157895,
    "13": 0.5374149659863946,
    "14": 0.7112144102266125
  },
  "family_swing_rates": {
    "fastball": 0.44196724939145826,
    "breaking": 0.395788798631894,
    "offspeed": 0.41345347862531434,
    "other": 0.38184791496320525
  },
  "family_whiff_rates": {
    "fastball": 0.20941294279634498,
    "breaking": 0.4337024034566568,
    "offspeed": 0.4450076026355803,
    "other": 0.34582441113490364
  },
  "sample_size": 18544,
  "is_thin_sample": false
}