{
  "player_id": 605141,
  "player_name": "Betts, Mookie",
  "stand": "R",
  "swing_rate": 0.3980273457885398,
  "chase_rate": 0.20355616525088377,
  "contact_rate": 0.8579389012717976,
  "hard_hit_rate": 0.4296163400496826,
  "whiff_rate": 0.14206109872820244,
  "swing_rate_by_count": {
    "0-0": 0.19705397610218375,
    "0-1": 0.40901605599011936,
    "0-2": 0.4735099337748344,
    "1-0": 0.351937984496124,
    "1-1": 0.4275618374558304,
    "1-2": 0.5256880733944954,
    "2-0": 0.40297498309668695,
    "2-1": 0.48116067561715026,
    "2-2": 0.6174108576935432,
    "3-0": 0.034334763948497854,
    "3-1": 0.4666666666666667,
    "3-2": 0.6852300242130751
  },
  "contact_rate_by_pitch_type": {
    "CH": 0.7836218375499334,
    "CS": 0.0,
    "CU": 0.7909604519774012,
    "EP": 1.0,
    "FA": 0.8333333333333334,
    "FC": 0.8665496049165935,
    "FF": 0.9189508972589233,
    "FO": 0.46153846153846156,
    "FS": 0.754325259515571,
    "IN": 0.78,
    "KC": 0.7717391304347826,
    "KN": 0.7397260273972602,
    "PO": 0.78,
    "SC": 1.0,
    "SI": 0.9365363929723916,
    "SL": 0.7649888971132495,
    "ST": 0.7684210526315789,
    "SV": 0.8125
  },
  "zone_swing_rates": {
    "1": 0.5573179524152848,
    "2": 0.6484789956542732,
    "3": 0.4836852207293666,
    "4": 0.6681391496410822,
    "5": 0.7145377558221595,
    "6": 0.5857712765957447,
    "7": 0.5649520488230165,
    "8": 0.6213726393367112,
    "9": 0.5328864683703394,
    "11": 0.139104797641383,
    "12": 0.14968958381237066,
    "13": 0.2906420765027322,
    "14": 0.21898764258555134
  },
  "zone_whiff_rates": {
    "1": 0.062095730918499355,
    "2": 0.09009679821295608,
    "3": 0.07539682539682539,
    "4": 0.023966942148760332,
    "5": 0.03259259259259259,
    "6": 0.05051078320090806,
    "7": 0.08796296296296297,
    "8": 0.10081541882876205,
    "9": 0.12106918238993711,
    "11": 0.21001926782273603,
    "12": 0.22580645161290322,
    "13": 0.2902467685076381,
    "14": 0.48182311448724907
  },
  "family_swing_rates": {
    "fastball": 0.38859141549356596,
    "breaking": 0.3885821439733306,
    "offspeed": 0.47114129015408723,
    "other": 0.4148446490218642
  },
  "family_whiff_rates": {
    "fastball": 0.08223135903989331,
    "breaking": 0.228686327077748,
    "offspeed": 0.22339246119733924,
    "other": 0.23717059639389737
  },
  "sample_size": 23755,
  "is_thin_sample": false
}