{
  "player_id": 643396,
  "player_name": "Kiner-Falefa, Isiah",
  "stand": "R",
  "swing_rate": 0.45145483936148717,
  "chase_rate": 0.2802925898441641,
  "contact_rate": 0.8623699227928835,
  "hard_hit_rate": 0.31315538608198284,
  "whiff_rate": 0.13729439409197716,
  "swing_rate_by_count": {
    "0-0": 0.2084253127299485,
    "0-1": 0.4574235807860262,
    "0-2": 0.5598591549295775,
    "1-0": 0.44914448669201523,
    "1-1": 0.5774916547448736,
    "1-2": 0.6288117770767613,
    "2-0": 0.445993031358885,
    "2-1": 0.551063829787234,
    "2-2": 0.6806543385490754,
    "3-0": 0.045112781954887216,
    "3-1": 0.4056603773584906,
    "3-2": 0.7437325905292479
  },
  "contact_rate_by_pitch_type": {
    "CH": 0.7723156532988357,
    "CS": 1.0,
    "CU": 0.8042553191489362,
    "FA": 1.0,
    "FC": 0.8641655886157826,
    "FF": 0.9183673469387755,
    "FS": 0.631578947368421,
    "KC": 0.7368421052631579,
    "KN": 1.0,
    "PO": 0.78,
    "SI": 0.9143920595533499,
    "SL": 0.8195876288659794,
    "ST": 0.8018867924528302,
    "SV": 1.0
  },
  "zone_swing_rates": {
    "1": 0.7238883143743536,
    "2": 0.65315739868049,
    "3": 0.5393617021276595,
    "4": 0.662431941923775,
    "5": 0.6981927710843373,
    "6": 0.5434782608695652,
    "7": 0.4710860366713681,
    "8": 0.5087108013937283,
    "9": 0.5353455123113582,
    "11": 0.3614103819784525,
    "12": 0.2820768846729905,
    "13": 0.26824703680598877,
    "14": 0.27038183694530443
  },
  "zone_whiff_rates": {
    "1": 0.03571428571428571,
    "2": 0.07936507936507936,
    "3": 0.1222879684418146,
    "4": 0.0273972602739726,
    "5": 0.03537532355478861,
    "6": 0.07225806451612904,
    "7": 0.07784431137724551,
    "8": 0.08561643835616438,
    "9": 0.1572700296735905,
    "11": 0.09078590785907859,
    "12": 0.15398230088495576,
    "13": 0.36511627906976746,
    "14": 0.4532442748091603
  },
  "family_swing_rates": {
    "fastball": 0.4455328491808816,
    "breaking": 0.4538318529229498,
    "offspeed": 0.48484848484848486,
    "other": 0.44596912521440824
  },
  "family_whiff_rates": {
    "fastball": 0.09078847611827141,
    "breaking": 0.18752844788347747,
    "offspeed": 0.2510593220338983,
    "other": 0.19038461538461537
  },
  "sample_size": 9871,
  "is_thin_sample": false
}