{
  "player_id": 660271,
  "player_name": "Ohtani, Shohei",
  "stand": "L",
  "swing_rate": 0.4770138051199571,
  "chase_rate": 0.28789476949804554,
  "contact_rate": 0.721410508569823,
  "hard_hit_rate": 0.5508403361344538,
  "whiff_rate": 0.2784490025288002,
  "swing_rate_by_count": {
    "0-0": 0.3991753125831338,
    "0-1": 0.4182625589786289,
    "0-2": 0.4622222222222222,
    "1-0": 0.4305835010060362,
    "1-1": 0.4836683417085427,
    "1-2": 0.5987698986975398,
    "2-0": 0.3956442831215971,
    "2-1": 0.5,
    "2-2": 0.6505332239540607,
    "3-0": 0.21505376344086022,
    "3-1": 0.4684147794994041,
    "3-2": 0.6836158192090396
  },
  "contact_rate_by_pitch_type": {
    "CH": 0.6912650602409639,
    "CS": 0.0,
    "CU": 0.676056338028169,
    "EP": 1.0,
    "FA": 1.0,
    "FC": 0.7605202754399388,
    "FF": 0.7700068791561568,
    "FO": 0.25,
    "FS": 0.6461038961038961,
    "KC": 0.5766016713091922,
    "KN": 1.0,
    "SC": 0.78,
    "SI": 0.8395209580838323,
    "SL": 0.6171977302487996,
    "ST": 0.6788432267884322,
    "SV": 0.8125
  },
  "zone_swing_rates": {
    "1": 0.5576451349141456,
    "2": 0.8202702702702702,
    "3": 0.8440913604766633,
    "4": 0.6277120315581854,
    "5": 0.7993890020366599,
    "6": 0.8272058823529411,
    "7": 0.5796213808463252,
    "8": 0.671306209850107,
    "9": 0.6551111111111111,
    "11": 0.20278551532033426,
    "12": 0.4299794661190965,
    "13": 0.23529411764705882,
    "14": 0.3284597932946811
  },
  "zone_whiff_rates": {
    "1": 0.19501466275659823,
    "2": 0.2800658978583196,
    "3": 0.2776470588235294,
    "4": 0.14375490966221524,
    "5": 0.11847133757961784,
    "6": 0.12444444444444444,
    "7": 0.24591738712776176,
    "8": 0.25199362041467305,
    "9": 0.2944369063772049,
    "11": 0.29120879120879123,
    "12": 0.2808022922636103,
    "13": 0.4922096317280453,
    "14": 0.580199539524175
  },
  "family_swing_rates": {
    "fastball": 0.46552052274313266,
    "breaking": 0.5053464796556034,
    "offspeed": 0.48586309523809523,
    "other": 0.43018617021276595
  },
  "family_whiff_rates": {
    "fastball": 0.21586263286999183,
    "breaking": 0.36933223413025557,
    "offspeed": 0.32006125574272587,
    "other": 0.3091190108191654
  },
  "sample_size": 13595,
  "is_thin_sample": false
}