{
  "player_id": 663728,
  "player_name": "Raleigh, Cal",
  "stand": "S",
  "swing_rate": 0.5172017249640632,
  "chase_rate": 0.32772653282691266,
  "contact_rate": 0.7165091717620901,
  "hard_hit_rate": 0.4488888888888889,
  "whiff_rate": 0.28349082823790994,
  "swing_rate_by_count": {
    "0-0": 0.41120589375727024,
    "0-1": 0.5446009389671361,
    "0-2": 0.5576547231270358,
    "1-0": 0.4778625954198473,
    "1-1": 0.5418768920282543,
    "1-2": 0.5893108298171589,
    "2-0": 0.4671328671328671,
    "2-1": 0.5315227934044617,
    "2-2": 0.6048667439165701,
    "3-0": 0.13934426229508196,
    "3-1": 0.4861111111111111,
    "3-2": 0.7191521574564723
  },
  "contact_rate_by_pitch_type": {
    "CH": 0.6515513126491647,
    "CU": 0.5854383358098069,
    "EP": 1.0,
    "FA": 1.0,
    "FC": 0.801980198019802,
    "FF": 0.7728662774534334,
    "FO": 0.3333333333333333,
    "FS": 0.6141176470588235,
    "KC": 0.5930735930735931,
    "KN": 1.0,
    "SC": 0.42857142857142855,
    "SI": 0.8740970072239422,
    "SL": 0.641958041958042,
    "ST": 0.6426799007444168,
    "SV": 0.6666666666666666
  },
  "zone_swing_rates": {
    "1": 0.7481662591687042,
    "2": 0.8449531737773153,
    "3": 0.7587601078167115,
    "4": 0.7334360554699538,
    "5": 0.8407994486560992,
    "6": 0.78125,
    "7": 0.5961199294532628,
    "8": 0.7242359630419332,
    "9": 0.5965092402464066,
    "11": 0.2663061845217979,
    "12": 0.3288409703504043,
    "13": 0.3997558742752518,
    "14": 0.2958790394307738
  },
  "zone_whiff_rates": {
    "1": 0.23039215686274508,
    "2": 0.20812807881773399,
    "3": 0.23801065719360567,
    "4": 0.15861344537815125,
    "5": 0.12295081967213115,
    "6": 0.1367741935483871,
    "7": 0.257396449704142,
    "8": 0.26398429833169773,
    "9": 0.2736660929432014,
    "11": 0.2906091370558376,
    "12": 0.319672131147541,
    "13": 0.4687022900763359,
    "14": 0.6092184368737475
  },
  "family_swing_rates": {
    "fastball": 0.5245257712205403,
    "breaking": 0.49084096586178183,
    "offspeed": 0.5420060008572654,
    "other": 0.4490644490644491
  },
  "family_whiff_rates": {
    "fastball": 0.20438356164383562,
    "breaking": 0.37871077184054286,
    "offspeed": 0.35587188612099646,
    "other": 0.3425925925925926
  },
  "sample_size": 7099,
  "is_thin_sample": false
}