{
  "player_id": 665742,
  "player_name": "Soto, Juan",
  "stand": "L",
  "swing_rate": 0.36867206803424696,
  "chase_rate": 0.1519192144610578,
  "contact_rate": 0.8072007481296758,
  "hard_hit_rate": 0.5366034931252323,
  "whiff_rate": 0.19225374064837905,
  "swing_rate_by_count": {
    "0-0": 0.24301977231875374,
    "0-1": 0.36412172984516816,
    "0-2": 0.4045307443365696,
    "1-0": 0.2824184566428003,
    "1-1": 0.417296389588581,
    "1-2": 0.4427538988208444,
    "2-0": 0.26322339763534536,
    "2-1": 0.4543147208121827,
    "2-2": 0.5530913978494624,
    "3-0": 0.1280120481927711,
    "3-1": 0.3453292496171516,
    "3-2": 0.6210526315789474
  },
  "contact_rate_by_pitch_type": {
    "CH": 0.7190675433353257,
    "CS": 0.78,
    "CU": 0.8309037900874635,
    "FA": 1.0,
    "FC": 0.810920945395273,
    "FF": 0.8433587036582372,
    "FO": 1.0,
    "FS": 0.75,
    "KC": 0.8112449799196787,
    "SC": 0.0,
    "SI": 0.8834467120181406,
    "SL": 0.724477958236659,
    "ST": 0.775047258979206,
    "SV": 0.7
  },
  "zone_swing_rates": {
    "1": 0.6027667984189723,
    "2": 0.7301017354877319,
    "3": 0.6458498023715415,
    "4": 0.6206293706293706,
    "5": 0.7351239669421488,
    "6": 0.6113095238095239,
    "7": 0.44578920827029755,
    "8": 0.492442710872745,
    "9": 0.38592420726991494,
    "11": 0.22009267059814658,
    "12": 0.2796208530805687,
    "13": 0.15387171817879694,
    "14": 0.0943664836282286
  },
  "zone_whiff_rates": {
    "1": 0.15628415300546447,
    "2": 0.15081967213114755,
    "3": 0.07343941248470012,
    "4": 0.11901408450704225,
    "5": 0.08993816750983699,
    "6": 0.054527750730282376,
    "7": 0.22963800904977374,
    "8": 0.19504950495049506,
    "9": 0.24448897795591182,
    "11": 0.24210526315789474,
    "12": 0.2711864406779661,
    "13": 0.468682505399568,
    "14": 0.5646551724137931
  },
  "family_swing_rates": {
    "fastball": 0.4074818112715822,
    "breaking": 0.3060582218725413,
    "offspeed": 0.344418834376029,
    "other": 0.3613267466478476
  },
  "family_whiff_rates": {
    "fastball": 0.14950033311125915,
    "breaking": 0.237972824091076,
    "offspeed": 0.27437858508604207,
    "other": 0.240234375
  },
  "sample_size": 16641,
  "is_thin_sample": false
}