{
  "player_id": 677951,
  "player_name": "Witt, Bobby",
  "stand": "R",
  "swing_rate": 0.5107543038681149,
  "chase_rate": 0.3271190653740989,
  "contact_rate": 0.7950743885013029,
  "hard_hit_rate": 0.4518046709129512,
  "whiff_rate": 0.20492561149869715,
  "swing_rate_by_count": {
    "0-0": 0.3144562762181349,
    "0-1": 0.5292807129217059,
    "0-2": 0.5289719626168224,
    "1-0": 0.5066896849374191,
    "1-1": 0.5760448082722964,
    "1-2": 0.6233085988651244,
    "2-0": 0.5291666666666667,
    "2-1": 0.6304163126593033,
    "2-2": 0.6827438370846731,
    "3-0": 0.14835164835164835,
    "3-1": 0.6112412177985949,
    "3-2": 0.775549188156638
  },
  "contact_rate_by_pitch_type": {
    "CH": 0.7406392694063927,
    "CU": 0.7652173913043478,
    "FA": 1.0,
    "FC": 0.7924354243542435,
    "FF": 0.8162339299218553,
    "FS": 0.7259786476868327,
    "KC": 0.7475247524752475,
    "PO": 0.78,
    "SI": 0.911046511627907,
    "SL": 0.730544747081712,
    "ST": 0.7294117647058823,
    "SV": 1.0
  },
  "zone_swing_rates": {
    "1": 0.7777777777777778,
    "2": 0.8159070598748883,
    "3": 0.6158008658008658,
    "4": 0.7701040681173131,
    "5": 0.8046697038724373,
    "6": 0.6608315098468271,
    "7": 0.6869918699186992,
    "8": 0.7321016166281755,
    "9": 0.5980861244019139,
    "11": 0.366412213740458,
    "12": 0.3216168717047452,
    "13": 0.4711160964666293,
    "14": 0.27089880578252673
  },
  "zone_whiff_rates": {
    "1": 0.16943521594684385,
    "2": 0.18072289156626506,
    "3": 0.1827768014059754,
    "4": 0.05528255528255528,
    "5": 0.10049539985845718,
    "6": 0.16142384105960264,
    "7": 0.08284023668639054,
    "8": 0.11882229232386961,
    "9": 0.173,
    "11": 0.22596153846153846,
    "12": 0.2978142076502732,
    "13": 0.2892857142857143,
    "14": 0.43793503480278423
  },
  "zone_xwoba_rates": {
    "1": 0.33124707018929544,
    "2": 0.4468578874018081,
    "3": 0.3323770006253589,
    "4": 0.5032559512223937,
    "5": 0.58198121813135,
    "6": 0.47286570787462684,
    "7": 0.39447146764702906,
    "8": 0.4467675907005005,
    "9": 0.3685859419704247,
    "11": 0.36791952054522303,
    "12": 0.3398744365752029,
    "13": 0.38187790708055125,
    "14": 0.31316657782515994
  },
  "zone_hard_hit_rates": {
    "1": 0.3827751196172249,
    "2": 0.5381818181818182,
    "3": 0.5609756097560976,
    "4": 0.49690721649484537,
    "5": 0.6646525679758308,
    "6": 0.5338809034907598,
    "7": 0.6395348837209303,
    "8": 0.5376146788990825,
    "9": 0.29521829521829523,
    "11": 0.16939890710382513,
    "12": 0.3939393939393939,
    "13": 0.3682170542635659,
    "14": 0.1412639405204461
  },
  "family_swing_rates": {
    "fastball": 0.5192676013177048,
    "breaking": 0.47938012295081966,
    "offspeed": 0.5664882667764513,
    "other": 0.5107543038681149
  },
  "family_whiff_rates": {
    "fastball": 0.1633225140159339,
    "breaking": 0.25915041410633183,
    "offspeed": 0.2623546511627907,
    "other": 0.20492561149869715
  },
  "overall_xwoba_per_pitch": 0.08654646127484932,
  "avg_zone_run_value": 0.14571111361592537,
  "sample_size": 7659,
  "is_thin_sample": false,
  "league": "MLB"
}