{
  "player_id": 680776,
  "player_name": "Duran, Jarren",
  "stand": "L",
  "swing_rate": 0.4926159129937035,
  "chase_rate": 0.29005492579174946,
  "contact_rate": 0.7781780153381361,
  "hard_hit_rate": 0.43733850129198965,
  "whiff_rate": 0.22112479665349755,
  "swing_rate_by_count": {
    "0-0": 0.30571555161719094,
    "0-1": 0.5342714480254199,
    "0-2": 0.5450346420323325,
    "1-0": 0.4616675993284835,
    "1-1": 0.5567915690866511,
    "1-2": 0.571256038647343,
    "2-0": 0.25177304964539005,
    "2-1": 0.6659242761692651,
    "2-2": 0.7159167226326394,
    "3-0": 0.0,
    "3-1": 0.6726804123711341,
    "3-2": 0.720626631853786
  },
  "contact_rate_by_pitch_type": {
    "CH": 0.7362086258776329,
    "CU": 0.6966292134831461,
    "EP": 1.0,
    "FA": 0.6363636363636364,
    "FC": 0.8104325699745547,
    "FF": 0.8031341821743389,
    "FO": 1.0,
    "FS": 0.7647058823529411,
    "KC": 0.6956521739130435,
    "KN": 1.0,
    "PO": 0.78,
    "SC": 0.78,
    "SI": 0.9028846153846154,
    "SL": 0.7079646017699115,
    "ST": 0.6708860759493671,
    "SV": 0.71875
  },
  "zone_swing_rates": {
    "1": 0.5810983397190294,
    "2": 0.8094218415417559,
    "3": 0.728414442700157,
    "4": 0.6056701030927835,
    "5": 0.7996781979082864,
    "6": 0.7522321428571429,
    "7": 0.6367226061204343,
    "8": 0.6968954248366013,
    "9": 0.6102683780630105,
    "11": 0.14068054850177755,
    "12": 0.35003796507213364,
    "13": 0.3237762237762238,
    "14": 0.33929265448892343
  },
  "zone_whiff_rates": {
    "1": 0.2923076923076923,
    "2": 0.1984126984126984,
    "3": 0.22844827586206898,
    "4": 0.13049645390070921,
    "5": 0.04627766599597585,
    "6": 0.08160237388724036,
    "7": 0.10232558139534884,
    "8": 0.06213364595545135,
    "9": 0.07265774378585087,
    "11": 0.4223826714801444,
    "12": 0.41431670281995664,
    "13": 0.49892008639308855,
    "14": 0.4513172966781214
  },
  "family_swing_rates": {
    "fastball": 0.4703222703222703,
    "breaking": 0.5211717709720373,
    "offspeed": 0.5507603781339909,
    "other": 0.47350620067643745
  },
  "family_whiff_rates": {
    "fastball": 0.17385968500715893,
    "breaking": 0.2958610117526827,
    "offspeed": 0.2537313432835821,
    "other": 0.319047619047619
  },
  "sample_size": 5479,
  "is_thin_sample": false
}