{
  "player_id": 682998,
  "player_name": "Carroll, Corbin",
  "stand": "L",
  "swing_rate": 0.434315100514259,
  "chase_rate": 0.2523464163822526,
  "contact_rate": 0.8052864489893553,
  "hard_hit_rate": 0.40704387990762125,
  "whiff_rate": 0.19411553641908863,
  "swing_rate_by_count": {
    "0-0": 0.28245787908820613,
    "0-1": 0.4729381443298969,
    "0-2": 0.526595744680851,
    "1-0": 0.33286647992530344,
    "1-1": 0.49870533402382183,
    "1-2": 0.5781155015197569,
    "2-0": 0.25333333333333335,
    "2-1": 0.5456989247311828,
    "2-2": 0.6439232409381663,
    "3-0": 0.03215434083601286,
    "3-1": 0.5691489361702128,
    "3-2": 0.6909765142150803
  },
  "contact_rate_by_pitch_type": {
    "CH": 0.7417452830188679,
    "CU": 0.7786407766990291,
    "EP": 1.0,
    "FA": 1.0,
    "FC": 0.8120104438642297,
    "FF": 0.8176555716353111,
    "FO": 0.5,
    "FS": 0.725,
    "KC": 0.8805031446540881,
    "KN": 0.84,
    "PO": 0.78,
    "SC": 1.0,
    "SI": 0.9078498293515358,
    "SL": 0.7453042824943651,
    "ST": 0.7800511508951407,
    "SV": 0.9333333333333333
  },
  "zone_swing_rates": {
    "1": 0.5228539576365663,
    "2": 0.7154673283705542,
    "3": 0.6049250535331906,
    "4": 0.5365418894830659,
    "5": 0.7162962962962963,
    "6": 0.6287944492627927,
    "7": 0.5907990314769975,
    "8": 0.6649214659685864,
    "9": 0.5285524568393094,
    "11": 0.1945288753799392,
    "12": 0.24798464491362765,
    "13": 0.359051724137931,
    "14": 0.2629258517034068
  },
  "zone_whiff_rates": {
    "1": 0.1300639658848614,
    "2": 0.1838150289017341,
    "3": 0.1256637168141593,
    "4": 0.1461794019933555,
    "5": 0.08686659772492245,
    "6": 0.07724137931034483,
    "7": 0.17008196721311475,
    "8": 0.09133858267716535,
    "9": 0.10804020100502512,
    "11": 0.220703125,
    "12": 0.2770897832817337,
    "13": 0.4237695078031212,
    "14": 0.4192073170731707
  },
  "zone_xwoba_rates": {
    "1": 0.4573128354622534,
    "2": 0.46716299160617913,
    "3": 0.23403187003968257,
    "4": 0.4444278137106105,
    "5": 0.42218277085882594,
    "6": 0.32649453981106613,
    "7": 0.29330189419336955,
    "8": 0.46660858559069435,
    "9": 0.3532973484848485,
    "11": 0.28801929814822574,
    "12": 0.20597987012987012,
    "13": 0.29434332731824864,
    "14": 0.29884210526315785
  },
  "zone_hard_hit_rates": {
    "1": 0.7426900584795322,
    "2": 0.48672566371681414,
    "3": 0.12790697674418605,
    "4": 0.6017441860465116,
    "5": 0.544,
    "6": 0.20783132530120482,
    "7": 0.35684647302904565,
    "8": 0.6169665809768637,
    "9": 0.38181818181818183,
    "11": 0.31097560975609756,
    "12": 0.09523809523809523,
    "13": 0.2,
    "14": 0.20175438596491227
  },
  "family_swing_rates": {
    "fastball": 0.4134902511856666,
    "breaking": 0.4511926605504587,
    "offspeed": 0.49265341400172863,
    "other": 0.5346534653465347
  },
  "family_whiff_rates": {
    "fastball": 0.1595157179269329,
    "breaking": 0.2285481903212688,
    "offspeed": 0.2649122807017544,
    "other": 0.14814814814814814
  },
  "overall_xwoba_per_pitch": 0.06560970972743604,
  "avg_zone_run_value": 0.1161741184293044,
  "sample_size": 5722,
  "is_thin_sample": false,
  "league": "MLB"
}