{
  "player_id": 683011,
  "player_name": "Volpe, Anthony",
  "stand": "R",
  "swing_rate": 0.4751952712687355,
  "chase_rate": 0.27983539094650206,
  "contact_rate": 0.7707685473123056,
  "hard_hit_rate": 0.386833855799373,
  "whiff_rate": 0.22812083518436252,
  "swing_rate_by_count": {
    "0-0": 0.24867724867724866,
    "0-1": 0.5498199279711885,
    "0-2": 0.5560439560439561,
    "1-0": 0.3615850302696753,
    "1-1": 0.5461956521739131,
    "1-2": 0.6424017003188098,
    "2-0": 0.3933933933933934,
    "2-1": 0.5698818897637795,
    "2-2": 0.6670815183571873,
    "3-0": 0.0,
    "3-1": 0.5292740046838408,
    "3-2": 0.7546754675467546
  },
  "contact_rate_by_pitch_type": {
    "CH": 0.7049180327868853,
    "CU": 0.6996197718631179,
    "EP": 0.78,
    "FA": 0.78,
    "FC": 0.7742782152230971,
    "FF": 0.7728911319394376,
    "FS": 0.7112068965517241,
    "KC": 0.6612903225806451,
    "SI": 0.8944337811900192,
    "SL": 0.7156862745098039,
    "ST": 0.7496774193548387,
    "SV": 0.9361702127659575
  },
  "zone_swing_rates": {
    "1": 0.6724941724941725,
    "2": 0.7226720647773279,
    "3": 0.5412735849056604,
    "4": 0.711971197119712,
    "5": 0.7380952380952381,
    "6": 0.6178660049627791,
    "7": 0.6377142857142857,
    "8": 0.6175,
    "9": 0.5765027322404371,
    "11": 0.2836461126005362,
    "12": 0.20853960396039603,
    "13": 0.3627556512378902,
    "14": 0.28360910031023784
  },
  "zone_whiff_rates": {
    "1": 0.14731369150779897,
    "2": 0.1876750700280112,
    "3": 0.2788671023965142,
    "4": 0.09987357774968394,
    "5": 0.13600697471665213,
    "6": 0.14457831325301204,
    "7": 0.0931899641577061,
    "8": 0.13900134952766532,
    "9": 0.20063191153238547,
    "11": 0.31001890359168244,
    "12": 0.4094955489614243,
    "13": 0.3516320474777448,
    "14": 0.4949863263445761
  },
  "zone_xwoba_rates": {
    "1": 0.34974958572170894,
    "2": 0.4236633592319139,
    "3": 0.38209704326443683,
    "4": 0.30555333497956777,
    "5": 0.42185818688565613,
    "6": 0.3846428027529998,
    "7": 0.3879872378597377,
    "8": 0.41175247295700723,
    "9": 0.3250885635590683,
    "11": 0.23473913043478262,
    "12": 0.410467867352773,
    "13": 0.27750196589356996,
    "14": 0.2540780669144982
  },
  "zone_hard_hit_rates": {
    "1": 0.3192771084337349,
    "2": 0.4375,
    "3": 0.6226415094339622,
    "4": 0.31845238095238093,
    "5": 0.5021008403361344,
    "6": 0.48169014084507045,
    "7": 0.4632352941176471,
    "8": 0.56797583081571,
    "9": 0.3037542662116041,
    "11": 0.08695652173913043,
    "12": 0.3181818181818182,
    "13": 0.2857142857142857,
    "14": 0.06859205776173286
  },
  "family_swing_rates": {
    "fastball": 0.4808109382366808,
    "breaking": 0.4538856970063502,
    "offspeed": 0.5234782608695652,
    "other": 0.4751952712687355
  },
  "family_whiff_rates": {
    "fastball": 0.1884683271229653,
    "breaking": 0.27581612258494337,
    "offspeed": 0.29346622369878184,
    "other": 0.22812083518436252
  },
  "overall_xwoba_per_pitch": 0.0597405402505776,
  "avg_zone_run_value": 0.0982530547037036,
  "sample_size": 5318,
  "is_thin_sample": false,
  "league": "MLB"
}