{
  "player_id": 683002,
  "player_name": "Henderson, Gunnar",
  "stand": "L",
  "swing_rate": 0.45119871601966094,
  "chase_rate": 0.24742574257425742,
  "contact_rate": 0.7675633614939973,
  "hard_hit_rate": 0.5300947143293614,
  "whiff_rate": 0.23243663850600266,
  "swing_rate_by_count": {
    "0-0": 0.28213856627953543,
    "0-1": 0.4600997506234414,
    "0-2": 0.4383438343834383,
    "1-0": 0.4182785299806576,
    "1-1": 0.5290068829891839,
    "1-2": 0.5037473233404711,
    "2-0": 0.41360544217687073,
    "2-1": 0.5659192825112107,
    "2-2": 0.6228838295388208,
    "3-0": 0.1324200913242009,
    "3-1": 0.5850860420650096,
    "3-2": 0.671875
  },
  "contact_rate_by_pitch_type": {
    "CH": 0.7226277372262774,
    "CU": 0.701688555347092,
    "FA": 1.0,
    "FC": 0.7542857142857143,
    "FF": 0.7947838023335622,
    "FS": 0.7075718015665796,
    "KC": 0.7777777777777778,
    "SI": 0.8824006488240065,
    "SL": 0.7058823529411765,
    "ST": 0.6988847583643123,
    "SV": 0.90625
  },
  "zone_swing_rates": {
    "1": 0.4496969696969697,
    "2": 0.7928921568627451,
    "3": 0.8044444444444444,
    "4": 0.578021978021978,
    "5": 0.7929362880886427,
    "6": 0.8070776255707762,
    "7": 0.5243664717348928,
    "8": 0.6811971372804164,
    "9": 0.700836820083682,
    "11": 0.12657589510842157,
    "12": 0.36297071129707115,
    "13": 0.21423635107118175,
    "14": 0.323859649122807
  },
  "zone_whiff_rates": {
    "1": 0.30727762803234504,
    "2": 0.2704791344667697,
    "3": 0.27348066298342544,
    "4": 0.15335868187579213,
    "5": 0.13537117903930132,
    "6": 0.06930693069306931,
    "7": 0.17843866171003717,
    "8": 0.1308500477554919,
    "9": 0.10149253731343283,
    "11": 0.4103585657370518,
    "12": 0.3314121037463977,
    "13": 0.43548387096774194,
    "14": 0.4398699891657638
  },
  "family_swing_rates": {
    "fastball": 0.4490343347639485,
    "breaking": 0.4503098462244664,
    "offspeed": 0.4792611795204148,
    "other": 0.406559877955759
  },
  "family_whiff_rates": {
    "fastball": 0.19076065312624452,
    "breaking": 0.2838939857288481,
    "offspeed": 0.2812711291413117,
    "other": 0.300187617260788
  },
  "sample_size": 5864,
  "is_thin_sample": false
}