{
  "player_id": 691026,
  "player_name": "Winn, Masyn",
  "stand": "R",
  "swing_rate": 0.465092314297982,
  "chase_rate": 0.3015400770038502,
  "contact_rate": 0.8297636632200887,
  "hard_hit_rate": 0.3360470375395749,
  "whiff_rate": 0.1687592319054653,
  "swing_rate_by_count": {
    "0-0": 0.2692967409948542,
    "0-1": 0.45394300861497683,
    "0-2": 0.5753920386007237,
    "1-0": 0.2924187725631769,
    "1-1": 0.5136518771331058,
    "1-2": 0.6863905325443787,
    "2-0": 0.2964705882352941,
    "2-1": 0.5053435114503817,
    "2-2": 0.7166482910694597,
    "3-0": 0.032520325203252036,
    "3-1": 0.6360294117647058,
    "3-2": 0.8171846435100548
  },
  "contact_rate_by_pitch_type": {
    "CH": 0.6578947368421053,
    "CU": 0.7834394904458599,
    "FA": 1.0,
    "FC": 0.8181818181818182,
    "FF": 0.8886486486486487,
    "FO": 0.0,
    "FS": 0.6193181818181818,
    "KC": 0.6666666666666666,
    "KN": 0.2857142857142857,
    "PO": 0.78,
    "SC": 0.78,
    "SI": 0.939873417721519,
    "SL": 0.7658779576587795,
    "ST": 0.8013392857142857,
    "SV": 0.5
  },
  "zone_swing_rates": {
    "1": 0.6331967213114754,
    "2": 0.6428571428571429,
    "3": 0.48148148148148145,
    "4": 0.6685288640595903,
    "5": 0.6953441295546559,
    "6": 0.6038592508513053,
    "7": 0.54421768707483,
    "8": 0.6550724637681159,
    "9": 0.5955882352941176,
    "11": 0.2907801418439716,
    "12": 0.18250235183443086,
    "13": 0.4287128712871287,
    "14": 0.298046875
  },
  "zone_whiff_rates": {
    "1": 0.1553398058252427,
    "2": 0.15458937198067632,
    "3": 0.13076923076923078,
    "4": 0.019498607242339833,
    "5": 0.0975254730713246,
    "6": 0.08646616541353383,
    "7": 0.0625,
    "8": 0.11283185840707964,
    "9": 0.1419753086419753,
    "11": 0.13240418118466898,
    "12": 0.15463917525773196,
    "13": 0.2748267898383372,
    "14": 0.4272608125819135
  },
  "family_swing_rates": {
    "fastball": 0.4697058823529412,
    "breaking": 0.44519266741488966,
    "offspeed": 0.4899211218229623,
    "other": 0.45877788554801163
  },
  "family_whiff_rates": {
    "fastball": 0.10488415779586725,
    "breaking": 0.23109243697478993,
    "offspeed": 0.35778175313059035,
    "other": 0.21987315010570824
  },
  "sample_size": 3045,
  "is_thin_sample": false
}