{
  "player_id": 691026,
  "player_name": "Winn, Masyn",
  "stand": "R",
  "swing_rate": 0.465092314297982,
  "chase_rate": 0.3015400770038502,
  "contact_rate": 0.8297636632200887,
  "hard_hit_rate": 0.3360470375395749,
  "whiff_rate": 0.1687592319054653,
  "swing_rate_by_count": {
    "0-0": 0.2692967409948542,
    "0-1": 0.45394300861497683,
    "0-2": 0.5753920386007237,
    "1-0": 0.2924187725631769,
    "1-1": 0.5136518771331058,
    "1-2": 0.6863905325443787,
    "2-0": 0.2964705882352941,
    "2-1": 0.5053435114503817,
    "2-2": 0.7166482910694597,
    "3-0": 0.032520325203252036,
    "3-1": 0.6360294117647058,
    "3-2": 0.8171846435100548
  },
  "contact_rate_by_pitch_type": {
    "CH": 0.6578947368421053,
    "CU": 0.7834394904458599,
    "FA": 1.0,
    "FC": 0.8181818181818182,
    "FF": 0.8886486486486487,
    "FO": 0.0,
    "FS": 0.6193181818181818,
    "KC": 0.6666666666666666,
    "KN": 0.2857142857142857,
    "PO": 0.78,
    "SC": 0.78,
    "SI": 0.939873417721519,
    "SL": 0.7658779576587795,
    "ST": 0.8013392857142857,
    "SV": 0.5
  },
  "zone_swing_rates": {
    "1": 0.6331967213114754,
    "2": 0.6428571428571429,
    "3": 0.48148148148148145,
    "4": 0.6685288640595903,
    "5": 0.6953441295546559,
    "6": 0.6038592508513053,
    "7": 0.54421768707483,
    "8": 0.6550724637681159,
    "9": 0.5955882352941176,
    "11": 0.2907801418439716,
    "12": 0.18250235183443086,
    "13": 0.4287128712871287,
    "14": 0.298046875
  },
  "zone_whiff_rates": {
    "1": 0.1553398058252427,
    "2": 0.15458937198067632,
    "3": 0.13076923076923078,
    "4": 0.019498607242339833,
    "5": 0.0975254730713246,
    "6": 0.08646616541353383,
    "7": 0.0625,
    "8": 0.11283185840707964,
    "9": 0.1419753086419753,
    "11": 0.13240418118466898,
    "12": 0.15463917525773196,
    "13": 0.2748267898383372,
    "14": 0.4272608125819135
  },
  "zone_xwoba_rates": {
    "1": 0.172191365061271,
    "2": 0.3119941879237972,
    "3": 0.40928,
    "4": 0.3833759619686838,
    "5": 0.3475973225976873,
    "6": 0.3470114829583589,
    "7": 0.2967777777777778,
    "8": 0.3728008440701559,
    "9": 0.2537981220657277,
    "11": 0.21430555555555555,
    "12": 0.26595081967213113,
    "13": 0.3955431286549708,
    "14": 0.32427570093457947
  },
  "zone_hard_hit_rates": {
    "1": 0.184,
    "2": 0.33136094674556216,
    "3": 0.52,
    "4": 0.3284313725490196,
    "5": 0.5058479532163743,
    "6": 0.4049586776859504,
    "7": 0.3333333333333333,
    "8": 0.49586776859504134,
    "9": 0.2119815668202765,
    "11": 0.06481481481481481,
    "12": 0.06557377049180328,
    "13": 0.475,
    "14": 0.1261682242990654
  },
  "family_swing_rates": {
    "fastball": 0.46946564885496184,
    "breaking": 0.4488901068785969,
    "offspeed": 0.4899211218229623,
    "other": 0.465092314297982
  },
  "family_whiff_rates": {
    "fastball": 0.10475297060662914,
    "breaking": 0.2222222222222222,
    "offspeed": 0.35778175313059035,
    "other": 0.1687592319054653
  },
  "overall_xwoba_per_pitch": 0.06070886591474708,
  "avg_zone_run_value": 0.0914068992761217,
  "sample_size": 3045,
  "is_thin_sample": false,
  "league": "MLB"
}