{
  "player_id": 694671,
  "player_name": "Langford, Wyatt",
  "stand": "R",
  "swing_rate": 0.42915904936014626,
  "chase_rate": 0.23110720562390158,
  "contact_rate": 0.792332268370607,
  "hard_hit_rate": 0.4323607427055703,
  "whiff_rate": 0.20766773162939298,
  "swing_rate_by_count": {
    "0-0": 0.28125,
    "0-1": 0.36996336996337,
    "0-2": 0.40540540540540543,
    "1-0": 0.3696682464454976,
    "1-1": 0.5289256198347108,
    "1-2": 0.46078431372549017,
    "2-0": 0.38028169014084506,
    "2-1": 0.5934959349593496,
    "2-2": 0.5490196078431373,
    "3-0": 0.13043478260869565,
    "3-1": 0.6122448979591837,
    "3-2": 0.7142857142857143
  },
  "contact_rate_by_pitch_type": {
    "CH": 0.6710526315789473,
    "CS": 1.0,
    "CU": 0.7631578947368421,
    "FC": 0.7333333333333333,
    "FF": 0.8344155844155844,
    "FS": 0.6190476190476191,
    "KC": 0.7,
    "SI": 0.8553459119496856,
    "SL": 0.7784090909090909,
    "ST": 0.7777777777777778,
    "SV": 0.6666666666666666
  },
  "zone_swing_rates": {
    "1": 0.7083333333333334,
    "2": 0.8415841584158416,
    "3": 0.5212765957446809,
    "4": 0.8058252427184466,
    "5": 0.7166666666666667,
    "6": 0.5928571428571429,
    "7": 0.5409836065573771,
    "8": 0.564625850340136,
    "9": 0.5328947368421053,
    "11": 0.3684210526315789,
    "12": 0.1598173515981735,
    "13": 0.291005291005291,
    "14": 0.18888888888888888
  },
  "zone_whiff_rates": {
    "1": 0.09803921568627451,
    "2": 0.2,
    "3": 0.14285714285714285,
    "4": 0.0963855421686747,
    "5": 0.09302325581395349,
    "6": 0.13253012048192772,
    "7": 0.09090909090909091,
    "8": 0.20481927710843373,
    "9": 0.2222222222222222,
    "11": 0.17142857142857143,
    "12": 0.17142857142857143,
    "13": 0.38181818181818183,
    "14": 0.5686274509803921
  },
  "family_swing_rates": {
    "fastball": 0.44136807817589574,
    "breaking": 0.41834862385321103,
    "offspeed": 0.3975409836065574,
    "other": 0.42105263157894735
  },
  "family_whiff_rates": {
    "fastball": 0.17343173431734318,
    "breaking": 0.22807017543859648,
    "offspeed": 0.3402061855670103,
    "other": 0.2222222222222222
  },
  "sample_size": 2188,
  "is_thin_sample": false
}