{
  "player_id": 694671,
  "player_name": "Langford, Wyatt",
  "stand": "R",
  "swing_rate": 0.42915904936014626,
  "chase_rate": 0.23110720562390158,
  "contact_rate": 0.792332268370607,
  "hard_hit_rate": 0.4323607427055703,
  "whiff_rate": 0.20766773162939298,
  "swing_rate_by_count": {
    "0-0": 0.28125,
    "0-1": 0.36996336996337,
    "0-2": 0.40540540540540543,
    "1-0": 0.3696682464454976,
    "1-1": 0.5289256198347108,
    "1-2": 0.46078431372549017,
    "2-0": 0.38028169014084506,
    "2-1": 0.5934959349593496,
    "2-2": 0.5490196078431373,
    "3-0": 0.13043478260869565,
    "3-1": 0.6122448979591837,
    "3-2": 0.7142857142857143
  },
  "contact_rate_by_pitch_type": {
    "CH": 0.6710526315789473,
    "CS": 1.0,
    "CU": 0.7631578947368421,
    "FC": 0.7333333333333333,
    "FF": 0.8344155844155844,
    "FS": 0.6190476190476191,
    "KC": 0.7,
    "SI": 0.8553459119496856,
    "SL": 0.7784090909090909,
    "ST": 0.7777777777777778,
    "SV": 0.6666666666666666
  },
  "zone_swing_rates": {
    "1": 0.7083333333333334,
    "2": 0.8415841584158416,
    "3": 0.5212765957446809,
    "4": 0.8058252427184466,
    "5": 0.7166666666666667,
    "6": 0.5928571428571429,
    "7": 0.5409836065573771,
    "8": 0.564625850340136,
    "9": 0.5328947368421053,
    "11": 0.3684210526315789,
    "12": 0.1598173515981735,
    "13": 0.291005291005291,
    "14": 0.18888888888888888
  },
  "zone_whiff_rates": {
    "1": 0.09803921568627451,
    "2": 0.2,
    "3": 0.14285714285714285,
    "4": 0.0963855421686747,
    "5": 0.09302325581395349,
    "6": 0.13253012048192772,
    "7": 0.09090909090909091,
    "8": 0.20481927710843373,
    "9": 0.2222222222222222,
    "11": 0.17142857142857143,
    "12": 0.17142857142857143,
    "13": 0.38181818181818183,
    "14": 0.5686274509803921
  },
  "zone_xwoba_rates": {
    "1": 0.35171670084301654,
    "2": 0.4243185594035595,
    "3": 0.40696928071928073,
    "4": 0.36971133412570417,
    "5": 0.42622513553208485,
    "6": 0.5052667269283746,
    "7": 0.5155726134019237,
    "8": 0.4308470145143078,
    "9": 0.28852029914529914,
    "11": 0.2507857142857143,
    "12": 0.196625,
    "13": 0.27249999999999996,
    "14": 0.24841666666666665
  },
  "zone_hard_hit_rates": {
    "1": 0.3333333333333333,
    "2": 0.6333333333333333,
    "3": 0.5625,
    "4": 0.32558139534883723,
    "5": 0.5714285714285714,
    "6": 0.5909090909090909,
    "7": 0.6666666666666666,
    "8": 0.5952380952380952,
    "9": 0.2777777777777778,
    "11": 0.03571428571428571,
    "12": 0.3333333333333333,
    "13": 0.16666666666666666,
    "14": 0.08333333333333333
  },
  "family_swing_rates": {
    "fastball": 0.44136807817589574,
    "breaking": 0.41899441340782123,
    "offspeed": 0.3975409836065574,
    "other": 0.42915904936014626
  },
  "family_whiff_rates": {
    "fastball": 0.17343173431734318,
    "breaking": 0.22666666666666666,
    "offspeed": 0.3402061855670103,
    "other": 0.20766773162939298
  },
  "overall_xwoba_per_pitch": 0.06543147495013259,
  "avg_zone_run_value": 0.12092577827703821,
  "sample_size": 2188,
  "is_thin_sample": false,
  "league": "MLB"
}