{
  "player_id": 808982,
  "player_name": "Lee, Jung Hoo",
  "stand": "L",
  "swing_rate": 0.4601226993865031,
  "chase_rate": 0.2876712328767123,
  "contact_rate": 0.9155555555555556,
  "hard_hit_rate": 0.4,
  "whiff_rate": 0.08444444444444445,
  "swing_rate_by_count": {
    "0-0": 0.17985611510791366,
    "0-1": 0.5584415584415584,
    "0-2": 0.5757575757575758,
    "1-0": 0.3469387755102041,
    "1-1": 0.5961538461538461,
    "1-2": 0.6,
    "2-0": 0.2857142857142857,
    "2-1": 0.7083333333333334,
    "2-2": 0.8157894736842105,
    "3-0": 0.0,
    "3-1": 0.3333333333333333,
    "3-2": 0.9230769230769231
  },
  "contact_rate_by_pitch_type": {
    "CH": 0.8148148148148148,
    "CU": 0.875,
    "FA": 1.0,
    "FC": 0.9444444444444444,
    "FF": 0.9743589743589743,
    "FS": 1.0,
    "KC": 1.0,
    "KN": 1.0,
    "SI": 0.8857142857142857,
    "SL": 0.9259259259259259,
    "ST": 0.8125,
    "SV": 1.0
  },
  "zone_swing_rates": {
    "1": 0.6666666666666666,
    "2": 0.6388888888888888,
    "3": 0.7058823529411765,
    "4": 0.6756756756756757,
    "5": 0.5,
    "6": 0.5517241379310345,
    "7": 0.5185185185185185,
    "8": 0.5405405405405406,
    "9": 0.6071428571428571,
    "11": 0.2222222222222222,
    "12": 0.4090909090909091,
    "13": 0.35714285714285715,
    "14": 0.24193548387096775
  },
  "zone_whiff_rates": {
    "1": 0.0,
    "2": 0.08695652173913043,
    "3": 0.0,
    "4": 0.08,
    "5": 0.0,
    "6": 0.0625,
    "7": 0.07142857142857142,
    "8": 0.1,
    "9": 0.058823529411764705,
    "11": 0.07142857142857142,
    "12": 0.1111111111111111,
    "13": 0.16,
    "14": 0.26666666666666666
  },
  "zone_xwoba_rates": {
    "1": 0.4261641025641026,
    "2": 0.33611229395604403,
    "3": 0.3938709677419355,
    "4": 0.27674175824175823,
    "5": 0.26236363636363635,
    "6": 0.45010199999999995,
    "7": 0.19172727272727277,
    "8": 0.30694444444444446,
    "9": 0.35588888888888887,
    "13": 0.2729090909090909
  },
  "zone_hard_hit_rates": {
    "1": 0.6923076923076923,
    "2": 0.375,
    "3": 0.42857142857142855,
    "4": 0.5714285714285714,
    "5": 0.36363636363636365,
    "6": 0.5,
    "7": 0.18181818181818182,
    "8": 0.4,
    "9": 0.5,
    "13": 0.0
  },
  "family_swing_rates": {
    "fastball": 0.4414715719063545,
    "breaking": 0.5203252032520326,
    "offspeed": 0.4375,
    "other": 0.4601226993865031
  },
  "family_whiff_rates": {
    "fastball": 0.05303030303030303,
    "breaking": 0.109375,
    "offspeed": 0.17857142857142858,
    "other": 0.08444444444444445
  },
  "overall_xwoba_per_pitch": 0.07714558214308066,
  "avg_zone_run_value": 0.12319187377928839,
  "sample_size": 489,
  "is_thin_sample": false,
  "league": "MLB"
}