{
  "release_speed": 0.014650838449597359,
  "spin_to_velo_ratio": 0.008371258154511452,
  "pfx_x": 0.008065687492489815,
  "pfx_z": 0.02032308839261532,
  "release_pos_x": 0.009296540170907974,
  "release_pos_z": 0.01094033569097519,
  "release_extension": 0.004563285503536463,
  "plate_x": 0.02925630286335945,
  "plate_z": 0.14858382940292358,
  "pitch_type_enc": 0.047028105705976486,
  "era_flag_enc": 0.004815095569938421,
  "balls": 0.008546300232410431,
  "strikes": 0.03684714064002037,
  "pitch_number": 0.018671909347176552,
  "prev_pitch_type_enc": 0.00988363940268755,
  "prev_pitch_speed": 0.007404592353850603,
  "prev_pitch_result_enc": 0.01867596246302128,
  "on_1b_flag": 0.004766155034303665,
  "on_2b_flag": 0.00828565377742052,
  "on_3b_flag": 0.00603830348700285,
  "inning": 0.010817344300448895,
  "score_diff": 0.00528936879709363,
  "times_through_order": 0.04719584062695503,
  "hitter_swing_rate": 0.0039108688943088055,
  "hitter_chase_rate": 0.0076360139064490795,
  "hitter_contact_rate": 0.005036759655922651,
  "hitter_hard_hit_rate": 0.0041899424977600574,
  "hitter_whiff_rate": 0.007116728462278843,
  "hitter_stand_enc": 0.019737770780920982,
  "p_throws_enc": 0.012044702656567097,
  "hitter_contact_rate_FF": 0.00513579323887825,
  "hitter_contact_rate_CH": 0.004615178797394037,
  "hitter_contact_rate_CU": 0.004565224051475525,
  "hitter_contact_rate_FC": 0.003635052125900984,
  "hitter_contact_rate_KN": 0.002899576909840107,
  "hitter_contact_rate_SC": 0.003732760436832905,
  "hitter_contact_rate_SI": 0.006032186094671488,
  "hitter_contact_rate_SL": 0.004838247783482075,
  "hitter_contact_rate_SV": 0.003996343817561865,
  "hitter_contact_rate_FS": 0.0036681487690657377,
  "hitter_contact_rate_ST": 0.0033736650366336107,
  "hitter_swing_rate_z1": 0.0,
  "hitter_swing_rate_z2": 0.0,
  "hitter_swing_rate_z3": 0.0,
  "hitter_swing_rate_z4": 0.0,
  "hitter_swing_rate_z5": 0.0,
  "hitter_swing_rate_z6": 0.0,
  "hitter_swing_rate_z7": 0.0,
  "hitter_swing_rate_z8": 0.0,
  "hitter_swing_rate_z9": 0.0,
  "hitter_swing_rate_z11": 0.0,
  "hitter_swing_rate_z12": 0.0,
  "hitter_swing_rate_z13": 0.0,
  "hitter_swing_rate_z14": 0.0,
  "hitter_whiff_rate_z1": 0.0,
  "hitter_whiff_rate_z2": 0.0,
  "hitter_whiff_rate_z3": 0.0,
  "hitter_whiff_rate_z4": 0.0,
  "hitter_whiff_rate_z5": 0.0,
  "hitter_whiff_rate_z6": 0.0,
  "hitter_whiff_rate_z7": 0.0,
  "hitter_whiff_rate_z8": 0.0,
  "hitter_whiff_rate_z9": 0.0,
  "hitter_whiff_rate_z11": 0.0,
  "hitter_whiff_rate_z12": 0.0,
  "hitter_whiff_rate_z13": 0.0,
  "hitter_whiff_rate_z14": 0.0,
  "hitter_swing_rate_fastball": 0.003523426130414009,
  "hitter_swing_rate_breaking": 0.004046660382300615,
  "hitter_swing_rate_offspeed": 0.005307802464812994,
  "hitter_swing_rate_other": 0.004229897633194923,
  "hitter_whiff_rate_fastball": 0.005371432285755873,
  "hitter_whiff_rate_breaking": 0.004615139681845903,
  "hitter_whiff_rate_offspeed": 0.008885441347956657,
  "hitter_whiff_rate_other": 0.0033822914119809866,
  "hitter_swing_rate_this_zone": 0.0,
  "hitter_whiff_rate_this_zone": 0.0,
  "hitter_swing_rate_this_family": 0.004435577429831028,
  "hitter_whiff_rate_this_family": 0.008065816946327686,
  "hitter_swing_rate_this_count": 0.01543004997074604,
  "hitter_zone_swing_rate": 0.00908663310110569,
  "hitter_zone_whiff_rate": 0.19623753428459167,
  "hitter_zone_xwoba": 0.003607247956097126,
  "hitter_zone_hard_hit_rate": 0.0038538926746696234,
  "hitter_contact_rate_this_pitch": 0.05571714788675308,
  "hitter_family_swing_rate": 0.004042235668748617,
  "hitter_family_whiff_rate": 0.00563201354816556,
  "stuff_vs_hitter_xwoba": 0.008545015938580036,
  "stuff_vs_hitter_whiff": 0.0515032596886158
}