{
  "release_speed": 0.01186344400048256,
  "spin_to_velo_ratio": 0.00828996766358614,
  "pfx_x": 0.006828593090176582,
  "pfx_z": 0.017361188307404518,
  "release_pos_x": 0.008465828374028206,
  "release_pos_z": 0.009740561246871948,
  "release_extension": 0.0046241930685937405,
  "plate_x": 0.024547435343265533,
  "plate_z": 0.12325695157051086,
  "pitch_type_enc": 0.0455070436000824,
  "era_flag_enc": 0.0032040891237556934,
  "balls": 0.006861808709800243,
  "strikes": 0.030363818630576134,
  "pitch_number": 0.013454609550535679,
  "prev_pitch_type_enc": 0.00825703889131546,
  "prev_pitch_speed": 0.00610892940312624,
  "prev_pitch_result_enc": 0.016427841037511826,
  "on_1b_flag": 0.0034683907870203257,
  "on_2b_flag": 0.006822292227298021,
  "on_3b_flag": 0.0048745134845376015,
  "inning": 0.009373822249472141,
  "score_diff": 0.005001617129892111,
  "times_through_order": 0.03918692469596863,
  "hitter_swing_rate": 0.003132159123197198,
  "hitter_chase_rate": 0.006933702155947685,
  "hitter_contact_rate": 0.018175771459937096,
  "hitter_hard_hit_rate": 0.003265286795794964,
  "hitter_whiff_rate": 0.04008962959051132,
  "hitter_stand_enc": 0.019076688215136528,
  "p_throws_enc": 0.013445394113659859,
  "hitter_contact_rate_FF": 0.01198197528719902,
  "hitter_contact_rate_CH": 0.0050890445709228516,
  "hitter_contact_rate_CU": 0.00410956097766757,
  "hitter_contact_rate_FC": 0.0034011995885521173,
  "hitter_contact_rate_KN": 0.00268988823518157,
  "hitter_contact_rate_SC": 0.0031193194445222616,
  "hitter_contact_rate_SI": 0.0035065063275396824,
  "hitter_contact_rate_SL": 0.0036155330017209053,
  "hitter_contact_rate_SV": 0.0029996372759342194,
  "hitter_contact_rate_FS": 0.003253206377848983,
  "hitter_contact_rate_ST": 0.002698073163628578,
  "hitter_swing_rate_z1": 0.003258184529840946,
  "hitter_swing_rate_z2": 0.0033157244324684143,
  "hitter_swing_rate_z3": 0.004045999608933926,
  "hitter_swing_rate_z4": 0.0033162387553602457,
  "hitter_swing_rate_z5": 0.0032327843364328146,
  "hitter_swing_rate_z6": 0.004093723371624947,
  "hitter_swing_rate_z7": 0.004234055057168007,
  "hitter_swing_rate_z8": 0.00462421216070652,
  "hitter_swing_rate_z9": 0.00626046396791935,
  "hitter_swing_rate_z11": 0.004305004607886076,
  "hitter_swing_rate_z12": 0.004473207518458366,
  "hitter_swing_rate_z13": 0.0035592822823673487,
  "hitter_swing_rate_z14": 0.0036177332513034344,
  "hitter_whiff_rate_z1": 0.0045530484057962894,
  "hitter_whiff_rate_z2": 0.0056266081519424915,
  "hitter_whiff_rate_z3": 0.003640066599473357,
  "hitter_whiff_rate_z4": 0.0039976052939891815,
  "hitter_whiff_rate_z5": 0.003941648174077272,
  "hitter_whiff_rate_z6": 0.005295088514685631,
  "hitter_whiff_rate_z7": 0.005374923814088106,
  "hitter_whiff_rate_z8": 0.0034611651208251715,
  "hitter_whiff_rate_z9": 0.005575940944254398,
  "hitter_whiff_rate_z11": 0.00589754618704319,
  "hitter_whiff_rate_z12": 0.005981214344501495,
  "hitter_whiff_rate_z13": 0.0074240099638700485,
  "hitter_whiff_rate_z14": 0.006746694911271334,
  "hitter_swing_rate_fastball": 0.002706698141992092,
  "hitter_swing_rate_breaking": 0.0029163281433284283,
  "hitter_swing_rate_offspeed": 0.003206694032996893,
  "hitter_swing_rate_other": 0.0039379955269396305,
  "hitter_whiff_rate_fastball": 0.0038217813707888126,
  "hitter_whiff_rate_breaking": 0.0036818734370172024,
  "hitter_whiff_rate_offspeed": 0.011200482957065105,
  "hitter_whiff_rate_other": 0.0029586548916995525,
  "hitter_swing_rate_this_zone": 0.039906974881887436,
  "hitter_whiff_rate_this_zone": 0.1796572059392929,
  "hitter_swing_rate_this_family": 0.004120078403502703,
  "hitter_whiff_rate_this_family": 0.04291967675089836,
  "hitter_swing_rate_this_count": 0.014639916829764843
}