{
  "release_speed": 0.012848017737269402,
  "spin_to_velo_ratio": 0.00721062533557415,
  "pfx_x": 0.014614156447350979,
  "pfx_z": 0.00791092123836279,
  "release_pos_x": 0.01394626684486866,
  "release_pos_z": 0.005361602175980806,
  "release_extension": 0.005111861042678356,
  "plate_x": 0.06261729449033737,
  "plate_z": 0.03775130584836006,
  "pitch_type_enc": 0.06256397068500519,
  "era_flag_enc": 0.006258412264287472,
  "balls": 0.021376458927989006,
  "strikes": 0.018324287608265877,
  "pitch_number": 0.007072601933032274,
  "prev_pitch_type_enc": 0.005569613538682461,
  "prev_pitch_speed": 0.004962685983628035,
  "prev_pitch_result_enc": 0.0080966055393219,
  "on_1b_flag": 0.005840899422764778,
  "on_2b_flag": 0.0076484112069010735,
  "on_3b_flag": 0.00600015465170145,
  "inning": 0.006074090488255024,
  "score_diff": 0.00559536088258028,
  "times_through_order": 0.015550483949482441,
  "hitter_swing_rate": 0.0064612277783453465,
  "hitter_chase_rate": 0.006988998968154192,
  "hitter_contact_rate": 0.00588258309289813,
  "hitter_hard_hit_rate": 0.07791086286306381,
  "hitter_whiff_rate": 0.005989927798509598,
  "hitter_stand_enc": 0.047072213143110275,
  "p_throws_enc": 0.02636270970106125,
  "hitter_contact_rate_FF": 0.00588561175391078,
  "hitter_contact_rate_CH": 0.00672166608273983,
  "hitter_contact_rate_CU": 0.005537713412195444,
  "hitter_contact_rate_FC": 0.006095996592193842,
  "hitter_contact_rate_KN": 0.005742586217820644,
  "hitter_contact_rate_SC": 0.0050418018363416195,
  "hitter_contact_rate_SI": 0.006507761310786009,
  "hitter_contact_rate_SL": 0.00587498489767313,
  "hitter_contact_rate_SV": 0.005446071736514568,
  "hitter_contact_rate_FS": 0.005493284203112125,
  "hitter_contact_rate_ST": 0.005620266776531935,
  "hitter_swing_rate_z1": 0.006986325141042471,
  "hitter_swing_rate_z2": 0.006539276801049709,
  "hitter_swing_rate_z3": 0.007017137948423624,
  "hitter_swing_rate_z4": 0.007135476917028427,
  "hitter_swing_rate_z5": 0.006210457533597946,
  "hitter_swing_rate_z6": 0.007436344400048256,
  "hitter_swing_rate_z7": 0.006515794899314642,
  "hitter_swing_rate_z8": 0.006140511948615313,
  "hitter_swing_rate_z9": 0.005915724206715822,
  "hitter_swing_rate_z11": 0.009297934360802174,
  "hitter_swing_rate_z12": 0.007250614929944277,
  "hitter_swing_rate_z13": 0.007338001858443022,
  "hitter_swing_rate_z14": 0.008120396174490452,
  "hitter_whiff_rate_z1": 0.0064911749213933945,
  "hitter_whiff_rate_z2": 0.006234641186892986,
  "hitter_whiff_rate_z3": 0.006004507653415203,
  "hitter_whiff_rate_z4": 0.009612665511667728,
  "hitter_whiff_rate_z5": 0.0063917203806340694,
  "hitter_whiff_rate_z6": 0.008720995858311653,
  "hitter_whiff_rate_z7": 0.006710270419716835,
  "hitter_whiff_rate_z8": 0.006114635616540909,
  "hitter_whiff_rate_z9": 0.006765997502952814,
  "hitter_whiff_rate_z11": 0.0063021983951330185,
  "hitter_whiff_rate_z12": 0.015438361093401909,
  "hitter_whiff_rate_z13": 0.007859214209020138,
  "hitter_whiff_rate_z14": 0.008029787801206112,
  "hitter_swing_rate_fastball": 0.0064023458398878574,
  "hitter_swing_rate_breaking": 0.006199059542268515,
  "hitter_swing_rate_offspeed": 0.0058050514198839664,
  "hitter_swing_rate_other": 0.006023732014000416,
  "hitter_whiff_rate_fastball": 0.005705972667783499,
  "hitter_whiff_rate_breaking": 0.0057487511076033115,
  "hitter_whiff_rate_offspeed": 0.006361751817166805,
  "hitter_whiff_rate_other": 0.006132583599537611,
  "hitter_swing_rate_this_zone": 0.13374143838882446,
  "hitter_whiff_rate_this_zone": 0.014954150654375553,
  "hitter_swing_rate_this_family": 0.006317820865660906,
  "hitter_whiff_rate_this_family": 0.007731128018349409,
  "hitter_swing_rate_this_count": 0.007353728637099266
}