{
  "release_speed": 0.017881710082292557,
  "spin_to_velo_ratio": 0.008135457523167133,
  "pfx_x": 0.01767401024699211,
  "pfx_z": 0.009927093051373959,
  "release_pos_x": 0.016207246109843254,
  "release_pos_z": 0.0061595868319272995,
  "release_extension": 0.005869120825082064,
  "plate_x": 0.07321767508983612,
  "plate_z": 0.04294465482234955,
  "pitch_type_enc": 0.0732274278998375,
  "era_flag_enc": 0.007655514869838953,
  "balls": 0.024921849370002747,
  "strikes": 0.020739933475852013,
  "pitch_number": 0.009845630265772343,
  "prev_pitch_type_enc": 0.006420206278562546,
  "prev_pitch_speed": 0.005941576324403286,
  "prev_pitch_result_enc": 0.010235483758151531,
  "on_1b_flag": 0.006090860813856125,
  "on_2b_flag": 0.007394738961011171,
  "on_3b_flag": 0.00744350953027606,
  "inning": 0.007325476501137018,
  "score_diff": 0.006180084776133299,
  "times_through_order": 0.01641763374209404,
  "hitter_swing_rate": 0.0076437038369476795,
  "hitter_chase_rate": 0.008457783609628677,
  "hitter_contact_rate": 0.006301125977188349,
  "hitter_hard_hit_rate": 0.029678232967853546,
  "hitter_whiff_rate": 0.007027909159660339,
  "hitter_stand_enc": 0.053082894533872604,
  "p_throws_enc": 0.01920703426003456,
  "hitter_contact_rate_FF": 0.007592616602778435,
  "hitter_contact_rate_CH": 0.007260443177074194,
  "hitter_contact_rate_CU": 0.00663197785615921,
  "hitter_contact_rate_FC": 0.006689681205898523,
  "hitter_contact_rate_KN": 0.006497024092823267,
  "hitter_contact_rate_SC": 0.006400827784091234,
  "hitter_contact_rate_SI": 0.0071724336594343185,
  "hitter_contact_rate_SL": 0.00647221552208066,
  "hitter_contact_rate_SV": 0.006354230456054211,
  "hitter_contact_rate_FS": 0.006577740423381329,
  "hitter_contact_rate_ST": 0.006645773071795702,
  "hitter_swing_rate_z1": 0.0,
  "hitter_swing_rate_z2": 0.0,
  "hitter_swing_rate_z3": 0.0,
  "hitter_swing_rate_z4": 0.0,
  "hitter_swing_rate_z5": 0.0,
  "hitter_swing_rate_z6": 0.0,
  "hitter_swing_rate_z7": 0.0,
  "hitter_swing_rate_z8": 0.0,
  "hitter_swing_rate_z9": 0.0,
  "hitter_swing_rate_z11": 0.0,
  "hitter_swing_rate_z12": 0.0,
  "hitter_swing_rate_z13": 0.0,
  "hitter_swing_rate_z14": 0.0,
  "hitter_whiff_rate_z1": 0.0,
  "hitter_whiff_rate_z2": 0.0,
  "hitter_whiff_rate_z3": 0.0,
  "hitter_whiff_rate_z4": 0.0,
  "hitter_whiff_rate_z5": 0.0,
  "hitter_whiff_rate_z6": 0.0,
  "hitter_whiff_rate_z7": 0.0,
  "hitter_whiff_rate_z8": 0.0,
  "hitter_whiff_rate_z9": 0.0,
  "hitter_whiff_rate_z11": 0.0,
  "hitter_whiff_rate_z12": 0.0,
  "hitter_whiff_rate_z13": 0.0,
  "hitter_whiff_rate_z14": 0.0,
  "hitter_swing_rate_fastball": 0.007459515240043402,
  "hitter_swing_rate_breaking": 0.007185432594269514,
  "hitter_swing_rate_offspeed": 0.007106581702828407,
  "hitter_swing_rate_other": 0.006408560089766979,
  "hitter_whiff_rate_fastball": 0.0069054169580340385,
  "hitter_whiff_rate_breaking": 0.00636887364089489,
  "hitter_whiff_rate_offspeed": 0.007460211869329214,
  "hitter_whiff_rate_other": 0.007002688478678465,
  "hitter_swing_rate_this_zone": 0.0,
  "hitter_whiff_rate_this_zone": 0.0,
  "hitter_swing_rate_this_family": 0.007369151804596186,
  "hitter_whiff_rate_this_family": 0.009160784073174,
  "hitter_swing_rate_this_count": 0.007403369527310133,
  "hitter_zone_swing_rate": 0.12419164180755615,
  "hitter_zone_whiff_rate": 0.012562955729663372,
  "hitter_zone_xwoba": 0.008744994178414345,
  "hitter_zone_hard_hit_rate": 0.12031412124633789,
  "hitter_contact_rate_this_pitch": 0.006687202490866184,
  "hitter_family_swing_rate": 0.006731173023581505,
  "hitter_family_whiff_rate": 0.01039195153862238,
  "stuff_vs_hitter_xwoba": 0.010643484070897102,
  "stuff_vs_hitter_whiff": 0.006351735442876816
}