{
  "release_speed": {
    "mean": 88.74053789924027,
    "std": 6.048562293189559
  },
  "spin_to_velo_ratio": {
    "mean": 25.103162518316115,
    "std": 4.304286730023839
  },
  "pfx_x": {
    "mean": -0.12659328351941201,
    "std": 0.8832882085623589
  },
  "pfx_z": {
    "mean": 0.6808398850481664,
    "std": 0.7529214374371537
  },
  "release_pos_x": {
    "mean": -0.7757797786189946,
    "std": 1.908401433264428
  },
  "release_pos_z": {
    "mean": 5.9062878438777195,
    "std": 0.5141050262326219
  },
  "release_extension": {
    "mean": 6.102388378672646,
    "std": 0.5111974081157735
  }
}