{
  "release_speed": 0.005565071478486061,
  "spin_to_velo_ratio": 0.00524594821035862,
  "pfx_x": 0.03621719405055046,
  "pfx_z": 0.024192769080400467,
  "release_pos_x": 0.005248991772532463,
  "release_pos_z": 0.002712479094043374,
  "release_extension": 0.0021805104333907366,
  "plate_x": 0.05624408647418022,
  "plate_z": 0.041789088398218155,
  "pitch_type_enc": 0.026095908135175705,
  "era_flag_enc": 0.003333020955324173,
  "balls": 0.012753832153975964,
  "strikes": 0.09495077282190323,
  "pitch_number": 0.01787412352859974,
  "prev_pitch_type_enc": 0.00980049092322588,
  "prev_pitch_speed": 0.0019452321575954556,
  "prev_pitch_result_enc": 0.046197179704904556,
  "on_1b_flag": 0.015114356763660908,
  "on_2b_flag": 0.012021075002849102,
  "on_3b_flag": 0.021345598623156548,
  "inning": 0.0064622387290000916,
  "score_diff": 0.0037881475873291492,
  "times_through_order": 0.010168077424168587,
  "hitter_swing_rate": 0.003852470312267542,
  "hitter_chase_rate": 0.0030596463475376368,
  "hitter_contact_rate": 0.002321726642549038,
  "hitter_hard_hit_rate": 0.0026539007667452097,
  "hitter_whiff_rate": 0.0036216394510120153,
  "hitter_stand_enc": 0.01340552233159542,
  "p_throws_enc": 0.020138025283813477,
  "hitter_contact_rate_FF": 0.00209867674857378,
  "hitter_contact_rate_CH": 0.0019398153526708484,
  "hitter_contact_rate_CU": 0.0019117078045383096,
  "hitter_contact_rate_FC": 0.0012273227330297232,
  "hitter_contact_rate_KN": 0.0010432064300403,
  "hitter_contact_rate_SC": 0.0012042593443766236,
  "hitter_contact_rate_SI": 0.0011823909590020776,
  "hitter_contact_rate_SL": 0.004953652620315552,
  "hitter_contact_rate_SV": 0.0008958337130025029,
  "hitter_contact_rate_FS": 0.0009312054608017206,
  "hitter_contact_rate_ST": 0.001404039328917861,
  "hitter_swing_rate_z1": 0.004836401902139187,
  "hitter_swing_rate_z2": 0.003758431412279606,
  "hitter_swing_rate_z3": 0.0044637806713581085,
  "hitter_swing_rate_z4": 0.002496849512681365,
  "hitter_swing_rate_z5": 0.005256261210888624,
  "hitter_swing_rate_z6": 0.004177293740212917,
  "hitter_swing_rate_z7": 0.0025893126148730516,
  "hitter_swing_rate_z8": 0.002836480736732483,
  "hitter_swing_rate_z9": 0.003965973854064941,
  "hitter_swing_rate_z11": 0.0036287475377321243,
  "hitter_swing_rate_z12": 0.0035872850567102432,
  "hitter_swing_rate_z13": 0.0031828684732317924,
  "hitter_swing_rate_z14": 0.003195733530446887,
  "hitter_whiff_rate_z1": 0.001561239012517035,
  "hitter_whiff_rate_z2": 0.0011180476285517216,
  "hitter_whiff_rate_z3": 0.0013799533480778337,
  "hitter_whiff_rate_z4": 0.0013383221812546253,
  "hitter_whiff_rate_z5": 0.0010696088429540396,
  "hitter_whiff_rate_z6": 0.001380274654366076,
  "hitter_whiff_rate_z7": 0.0015376871451735497,
  "hitter_whiff_rate_z8": 0.0013981524389237165,
  "hitter_whiff_rate_z9": 0.0016896437155082822,
  "hitter_whiff_rate_z11": 0.0021474186796694994,
  "hitter_whiff_rate_z12": 0.0016547917621210217,
  "hitter_whiff_rate_z13": 0.0032912204042077065,
  "hitter_whiff_rate_z14": 0.005746098235249519,
  "hitter_swing_rate_fastball": 0.0031422607135027647,
  "hitter_swing_rate_breaking": 0.003556112991645932,
  "hitter_swing_rate_offspeed": 0.002407831372693181,
  "hitter_swing_rate_other": 0.002073605777695775,
  "hitter_whiff_rate_fastball": 0.002120583551004529,
  "hitter_whiff_rate_breaking": 0.0025428305380046368,
  "hitter_whiff_rate_offspeed": 0.001684289425611496,
  "hitter_whiff_rate_other": 0.0013479861663654447,
  "hitter_swing_rate_this_zone": 0.20843620598316193,
  "hitter_whiff_rate_this_zone": 0.0512051060795784,
  "hitter_swing_rate_this_family": 0.008423478342592716,
  "hitter_whiff_rate_this_family": 0.0034825161565095186,
  "hitter_swing_rate_this_count": 0.10719802230596542
}