{
  "release_speed": 0.007685662712901831,
  "spin_to_velo_ratio": 0.006126957945525646,
  "pfx_x": 0.0396023690700531,
  "pfx_z": 0.029503442347049713,
  "release_pos_x": 0.007757869549095631,
  "release_pos_z": 0.0031523145735263824,
  "release_extension": 0.0026426680851727724,
  "plate_x": 0.06632502377033234,
  "plate_z": 0.04702547937631607,
  "pitch_type_enc": 0.03287164121866226,
  "era_flag_enc": 0.004211714956909418,
  "balls": 0.015077781863510609,
  "strikes": 0.11317931115627289,
  "pitch_number": 0.025043759495019913,
  "prev_pitch_type_enc": 0.01182268001139164,
  "prev_pitch_speed": 0.0024755802005529404,
  "prev_pitch_result_enc": 0.025862041860818863,
  "on_1b_flag": 0.020486105233430862,
  "on_2b_flag": 0.015414418652653694,
  "on_3b_flag": 0.023865636438131332,
  "inning": 0.006548144854605198,
  "score_diff": 0.004391999915242195,
  "times_through_order": 0.01091555692255497,
  "hitter_swing_rate": 0.003049107501283288,
  "hitter_chase_rate": 0.0043130009435117245,
  "hitter_contact_rate": 0.004290478769689798,
  "hitter_hard_hit_rate": 0.0033257552422583103,
  "hitter_whiff_rate": 0.0026848288252949715,
  "hitter_stand_enc": 0.013833568431437016,
  "p_throws_enc": 0.020606596022844315,
  "hitter_contact_rate_FF": 0.0026459996588528156,
  "hitter_contact_rate_CH": 0.002640414983034134,
  "hitter_contact_rate_CU": 0.0031815313268452883,
  "hitter_contact_rate_FC": 0.0013610926689580083,
  "hitter_contact_rate_KN": 0.001265011727809906,
  "hitter_contact_rate_SC": 0.0018353174673393369,
  "hitter_contact_rate_SI": 0.0035617598332464695,
  "hitter_contact_rate_SL": 0.008460639975965023,
  "hitter_contact_rate_SV": 0.001321858144365251,
  "hitter_contact_rate_FS": 0.0015442711301147938,
  "hitter_contact_rate_ST": 0.002045290544629097,
  "hitter_swing_rate_z1": 0.0,
  "hitter_swing_rate_z2": 0.0,
  "hitter_swing_rate_z3": 0.0,
  "hitter_swing_rate_z4": 0.0,
  "hitter_swing_rate_z5": 0.0,
  "hitter_swing_rate_z6": 0.0,
  "hitter_swing_rate_z7": 0.0,
  "hitter_swing_rate_z8": 0.0,
  "hitter_swing_rate_z9": 0.0,
  "hitter_swing_rate_z11": 0.0,
  "hitter_swing_rate_z12": 0.0,
  "hitter_swing_rate_z13": 0.0,
  "hitter_swing_rate_z14": 0.0,
  "hitter_whiff_rate_z1": 0.0,
  "hitter_whiff_rate_z2": 0.0,
  "hitter_whiff_rate_z3": 0.0,
  "hitter_whiff_rate_z4": 0.0,
  "hitter_whiff_rate_z5": 0.0,
  "hitter_whiff_rate_z6": 0.0,
  "hitter_whiff_rate_z7": 0.0,
  "hitter_whiff_rate_z8": 0.0,
  "hitter_whiff_rate_z9": 0.0,
  "hitter_whiff_rate_z11": 0.0,
  "hitter_whiff_rate_z12": 0.0,
  "hitter_whiff_rate_z13": 0.0,
  "hitter_whiff_rate_z14": 0.0,
  "hitter_swing_rate_fastball": 0.003018598537892103,
  "hitter_swing_rate_breaking": 0.003712502308189869,
  "hitter_swing_rate_offspeed": 0.00285256071947515,
  "hitter_swing_rate_other": 0.0029336134903132915,
  "hitter_whiff_rate_fastball": 0.0021517383866012096,
  "hitter_whiff_rate_breaking": 0.0029725527856498957,
  "hitter_whiff_rate_offspeed": 0.002893219469115138,
  "hitter_whiff_rate_other": 0.0016981030348688364,
  "hitter_swing_rate_this_zone": 0.0,
  "hitter_whiff_rate_this_zone": 0.0,
  "hitter_swing_rate_this_family": 0.009415291249752045,
  "hitter_whiff_rate_this_family": 0.0027337633073329926,
  "hitter_swing_rate_this_count": 0.11190424859523773,
  "hitter_zone_swing_rate": 0.19654008746147156,
  "hitter_zone_whiff_rate": 0.030783720314502716,
  "hitter_zone_xwoba": 0.0026057297363877296,
  "hitter_zone_hard_hit_rate": 0.0022231582552194595,
  "hitter_contact_rate_this_pitch": 0.0037242406979203224,
  "hitter_family_swing_rate": 0.008760818280279636,
  "hitter_family_whiff_rate": 0.0016782751772552729,
  "stuff_vs_hitter_xwoba": 0.0013255300000309944,
  "stuff_vs_hitter_whiff": 0.002117543714120984
}